id,date,lang,interaction_type,field_domain,raw_words,prabowo_words,non_prabowo_words,in_domestic_sample,in_intl_sample,saya,kami,kita,I,me,my,we,us,our,saya_per1k,kami_per1k,kita_per1k,I_per1k,we_per1k,event
001,2024-10-20,English,Ceremonial / policy address,International diplomacy and strategic partnership,177,177,0,False,False,0,0,0,0,1,4,6,2,0,0.0,0.0,0.0,28.25,45.2,"Jamuan Santap Malam Resmi untuk Pemimpin Negara dan Utusan Khusus, 20 Oktober 2024"
002,2024-10-20,Bahasa Indonesia,Presidential address,Cabinet and executive governance,1278,1278,0,False,False,12,2,2,0,0,0,0,0,0,9.39,1.56,1.56,0.0,0.0,Pengumuman Menteri Negara Kabinet Merah Putih
003,2024-10-20,Bahasa Indonesia,Presidential address,General presidential communication,3884,3884,0,True,False,29,7,256,0,0,0,0,0,0,7.47,1.8,65.91,0.0,0.0,Sidang Paripurna MPR RI dalam rangka Pelantikan Presiden dan Wakil Presiden RI Terpilih Periode 2024-2029
004,2024-10-23,Bahasa Indonesia,Cabinet/executive briefing,Cabinet and executive governance,1653,1653,0,True,False,56,0,104,0,0,0,0,0,0,33.88,0.0,62.92,0.0,0.0,Sidang Kabinet Paripurna
005,2024-10-25,Bahasa Indonesia,Ceremonial / policy address,"Defence, security, law, and public order",787,787,0,False,False,39,3,11,0,0,0,0,0,0,49.56,3.81,13.98,0.0,0.0,"Jamuan Santap Malam Kabinet Merah Putih di Ruang Makan Husein, Komplek Akademi Militer (Akmil)"
006,2024-11-05,Bahasa Indonesia,Presidential address,Cabinet and executive governance,207,207,0,False,False,6,0,2,0,0,0,0,0,0,28.99,0.0,9.66,0.0,0.0,Penandatanganan Peraturan Pemerintah (PP) Nomor 47 Tahun 2024 tentang Penghapusan Piutang Macet Kepada
007,2024-11-06,Bahasa Indonesia,Diplomatic exchange / joint statement,International diplomacy and strategic partnership,589,589,0,False,False,19,9,3,0,0,0,0,0,0,32.26,15.28,5.09,0.0,0.0,"pada Kunjungan Perdana Menteri Singapura Lawrence Wong, 6 November 2024"
008,2024-11-06,Bahasa Indonesia,Cabinet/executive briefing,Cabinet and executive governance,403,403,0,False,False,19,0,12,0,0,0,0,0,0,47.15,0.0,29.78,0.0,0.0,Sidang Kabinet Paripurna
009,2024-11-08,Bahasa Indonesia,Presidential address,International diplomacy and strategic partnership,385,385,0,False,False,18,0,9,0,0,0,0,0,0,46.75,0.0,23.38,0.0,0.0,"Keberangkatan Kunjungan Kerja Presiden ke Beijing, Republik Rakyat Tiongkok"
010,2024-11-09,English,Diplomatic exchange / joint statement,International diplomacy and strategic partnership,281,281,0,False,False,0,0,0,7,3,3,2,0,5,0.0,0.0,0.0,46.26,24.91,Pertemuan Bilateral Presiden RI dengan Ketua Kongres Rakyat Nasional RRT
011,2024-11-09,English,Diplomatic exchange / joint statement,International diplomacy and strategic partnership,467,467,0,False,False,0,0,0,17,3,5,9,4,6,0.0,0.0,0.0,53.53,40.69,Pertemuan Bilateral Presiden RI dengan Perdana Menteri RRT
012,2024-11-09,English,Diplomatic exchange / joint statement,International diplomacy and strategic partnership,363,363,0,False,False,0,0,0,12,6,2,2,1,7,0.0,0.0,0.0,55.1,27.55,Pertemuan Bilateral Presiden RI dengan Presiden RRT
013,2024-11-10,English,Ceremonial / policy address,International diplomacy and strategic partnership,610,610,0,False,True,0,0,0,14,2,7,14,6,3,0.0,0.0,0.0,37.7,37.7,"Remarks of President Prabowo Subianto at Indonesia-China Business Forum, in Beijing, People’s Republic"
014,2024-11-11,Bahasa Indonesia,Press statement / media Q&A,International diplomacy and strategic partnership,101,83,18,False,False,2,0,1,0,0,0,0,0,0,24.1,0.0,12.05,0.0,0.0,usai Pertemuan dengan Anggota Korporasi The United States – Indonesia Society (USINDO)
015,2024-11-12,English,Diplomatic exchange / joint statement,International diplomacy and strategic partnership,118,118,0,False,False,0,0,0,4,4,1,1,3,2,0.0,0.0,0.0,76.27,50.85,"Pertemuan Bilateral Presiden RI dengan Presiden Amerika Serikat di White House, Washington DC, Amerika"
016,2024-11-13,Bahasa Indonesia,Press statement / media Q&A,"Defence, security, law, and public order",261,193,68,False,False,9,0,18,0,0,0,0,0,0,46.63,0.0,93.26,0.0,0.0,"usai Pertemuan dengan Menteri Pertahanan Amerika Serikat, 13 November 2024"
017,2024-11-14,English,Ceremonial / policy address,International diplomacy and strategic partnership,1056,1056,0,False,True,0,0,0,22,1,2,46,2,15,0.0,0.0,0.0,23.67,59.66,"Keynote Speech Presiden Prabowo Subianto pada APEC CEO Summit Peru 2024, 14 November 2024"
018,2024-11-14,English,Diplomatic exchange / joint statement,International diplomacy and strategic partnership,319,319,0,False,False,0,0,0,7,2,2,11,0,3,0.0,0.0,0.0,34.48,43.89,Press Statement of President Prabowo Subianto after Bilateral Meeting of President of the Republic of
019,2024-11-14,English,Diplomatic exchange / joint statement,International diplomacy and strategic partnership,150,150,0,False,False,0,0,0,5,0,1,7,0,3,0.0,0.0,0.0,40.0,66.67,Remarks of President Prabowo Subianto after Bilateral Meeting of President of the Republic of Indonesia
020,2024-11-16,Bahasa Indonesia,Press statement / media Q&A,International diplomacy and strategic partnership,90,59,31,False,False,2,0,4,0,0,0,0,0,0,33.9,0.0,67.8,0.0,0.0,"usai Leaders Retreat Konferensi Tingkat Tinggi (KTT) APEC 2024, 16 November 2024"
021,2024-11-17,English,Ceremonial / policy address,International diplomacy and strategic partnership,1286,1286,0,False,True,0,0,0,49,2,12,50,9,10,0.0,0.0,0.0,48.99,53.65,"Forum Bisnis Indonesia-Brasil, 17 November 2024"
022,2024-11-17,English,Diplomatic exchange / joint statement,International diplomacy and strategic partnership,434,434,0,False,False,0,0,0,7,0,1,29,3,0,0.0,0.0,0.0,18.43,73.73,"Sambutan Presiden Prabowo pada Pertemuan Bilateral dengan Sekretaris Jenderal (Sekjen) PBB, 17 November"
023,2024-11-17,Bahasa Indonesia,Press statement / media Q&A,International diplomacy and strategic partnership,400,288,112,False,False,9,0,18,0,0,0,0,0,0,31.25,0.0,62.5,0.0,0.0,"usai Pertemuan Bilateral dengan Sekretaris Jenderal (Sekjen) PBB, 17 November 2024"
024,2024-11-18,English,Ceremonial / policy address,International diplomacy and strategic partnership,425,425,0,False,False,0,0,0,7,0,3,13,4,7,0.0,0.0,0.0,23.53,56.47,"Sesi Pertama Konferensi Tingkat Tinggi (KTT) G20, 18 November 2024"
025,2024-11-19,English,Ceremonial / policy address,International diplomacy and strategic partnership,559,559,0,False,False,0,0,0,2,0,0,30,3,10,0.0,0.0,0.0,3.58,76.92,"Sesi Ketiga Konferensi Tingkat Tinggi (KTT) G20, 19 November 2024"
026,2024-11-21,Bahasa Indonesia,Press statement / media Q&A,"Economy, investment, and business",448,381,67,False,False,17,0,14,0,0,0,0,0,0,44.62,0.0,36.75,0.0,0.0,usai Menghadiri CEO Roundtable Forum
027,2024-11-23,Bahasa Indonesia,Diplomatic exchange / joint statement,International diplomacy and strategic partnership,437,437,0,False,False,16,20,6,0,0,0,0,0,0,36.61,45.77,13.73,0.0,0.0,"Pertemuan Bilateral Presiden RI dengan Presiden Uni Emirat Arab di Qasr Al Want, Abu Dhabi, 23 November"
028,2024-11-28,Bahasa Indonesia,Presidential address,Education and human-capital development,1800,1800,0,True,False,63,17,66,0,0,0,0,0,0,35.0,9.44,36.67,0.0,0.0,Puncak Peringatan Hari Guru Nasional Tahun 2024
029,2024-11-29,Bahasa Indonesia,Presidential address,"Economy, investment, and business",1875,1875,0,True,False,67,1,65,0,0,0,0,0,0,35.73,0.53,34.67,0.0,0.0,Pertemuan Tahunan Bank Indonesia 2024
030,2024-11-29,Bahasa Indonesia,Presidential address,Cabinet and executive governance,363,363,0,False,False,7,2,10,0,0,0,0,0,0,19.28,5.51,27.55,0.0,0.0,terkait Pengumuman Kenaikan Upah Minimum Nasional Tahun 2025
031,2024-12-02,Bahasa Indonesia,Cabinet/executive briefing,Cabinet and executive governance,1218,1218,0,False,False,46,0,49,0,0,0,0,0,0,37.77,0.0,40.23,0.0,0.0,Sidang Kabinet Paripurna
032,2024-12-03,English,Presidential address,International diplomacy and strategic partnership,319,319,0,False,False,0,0,0,16,0,8,4,5,4,0.0,0.0,0.0,75.24,40.75,US-ASEAN Business Council (US-ABC)
033,2024-12-04,Bahasa Indonesia,Ceremonial / policy address,"Religious, cultural, and social solidarity",3627,3627,0,True,False,130,1,120,0,0,0,0,0,0,35.84,0.28,33.09,0.0,0.0,Pembukaan Sidang Tanwir dan Resepsi Milad ke-112 Muhammadiyah
034,2024-12-10,English,Ceremonial / policy address,"Economy, investment, and business",631,631,0,False,True,0,0,0,10,1,3,15,3,8,0.0,0.0,0.0,22.19,41.2,Jamuan Makan Siang Bersama Japan Indonesia Association (JAPINDA) dan Japan Jakarta Club (JJC)
035,2024-12-10,Bahasa Indonesia,Ceremonial / policy address,Cabinet and executive governance,1772,1772,0,True,False,29,0,121,0,0,0,0,0,0,16.37,0.0,68.28,0.0,0.0,Penyerahan Secara Digital Daftar Isian Pelaksanaan Anggaran (DIPA) dan Buku Alokasi Transfer ke Daerah
036,2024-12-10,Bahasa Indonesia,Presidential address,"Economy, investment, and business",269,269,0,False,False,16,0,16,0,0,0,0,0,0,59.48,0.0,59.48,0.0,0.0,Rapat Koordinasi Pengendalian Inflasi Daerah
037,2024-12-10,Bahasa Indonesia,Press statement / media Q&A,"Religious, cultural, and social solidarity",283,216,67,False,False,7,0,8,0,0,0,0,0,0,32.41,0.0,37.04,0.0,0.0,terkait Pengunduran Diri Utusan Khusus Presiden Bidang Kerukunan Beragama dan Pembinaan Sarana Keagamaan
038,2024-12-11,Bahasa Indonesia,Ceremonial / policy address,"Infrastructure, energy, and natural resources",186,186,0,False,False,5,0,5,0,0,0,0,0,0,26.88,0.0,26.88,0.0,0.0,Peresmian Flyover Madukoro
039,2024-12-12,Bahasa Indonesia,Ceremonial / policy address,"Infrastructure, energy, and natural resources",713,713,0,False,False,8,0,25,0,0,0,0,0,0,11.22,0.0,35.06,0.0,0.0,Peresmian Terowongan Silaturahim Masjid Istiqlal-Gereja Katedral
040,2024-12-12,English,Press statement / media Q&A,"Religious, cultural, and social solidarity",244,183,61,False,False,0,0,0,3,0,0,4,0,2,0.0,0.0,0.0,16.39,32.79,the Inauguration of the Silaturahim Tunnel Connecting Istiqlal Mosque and Cathedral in Jakarta December
041,2024-12-12,Bahasa Indonesia,Press statement / media Q&A,"Infrastructure, energy, and natural resources",206,155,51,False,False,3,0,7,0,0,0,0,0,0,19.35,0.0,45.16,0.0,0.0,usai Peresmian Terowongan Silaturahim Masjid Istiqlal-Gereja Katedral
042,2024-12-16,Bahasa Indonesia,Cabinet/executive briefing,Cabinet and executive governance,161,161,0,False,False,4,0,1,0,0,0,0,0,0,24.84,0.0,6.21,0.0,0.0,Rapat Terbatas terkait Persiapan Natal 2024 dan Tahun Baru 2025
043,2024-12-17,Bahasa Indonesia,Presidential address,International diplomacy and strategic partnership,295,295,0,False,False,14,0,4,0,0,0,0,0,0,47.46,0.0,13.56,0.0,0.0,"sebelum Keberangkatan Kunjungan Kerja ke Kairo, Mesir"
044,2024-12-18,English,Diplomatic exchange / joint statement,International diplomacy and strategic partnership,689,689,0,False,True,0,0,0,5,2,3,28,1,8,0.0,0.0,0.0,14.51,53.7,"Bilateral Meeting with President of the Republic of Egypt during State Visit to Egypt, at the Al"
045,2024-12-18,English,Press statement / media Q&A,International diplomacy and strategic partnership,269,222,47,False,False,0,0,0,9,0,0,3,0,7,0.0,0.0,0.0,40.54,45.05,"Bilateral Meeting with Prime Minister of Pakistan at St. Regis Hotel New Capital, Cairo, Egypt, December"
046,2024-12-18,Bahasa Indonesia,Presidential address,Education and human-capital development,2395,2395,0,True,False,77,1,73,0,0,0,0,0,0,32.15,0.42,30.48,0.0,0.0,Pertemuan dengan Mahasiswa Indonesia di Universitas Al-Azhar Kairo
047,2024-12-18,English,Presidential address,Education and human-capital development,2452,2452,0,False,False,0,0,0,57,9,9,32,8,20,0.0,0.0,0.0,30.59,24.47,"the Meeting with Indonesian Students at Al-Azhar University, Cairo, at the Al-Azhar Convention Center"
048,2024-12-18,Bahasa Indonesia,Press statement / media Q&A,International diplomacy and strategic partnership,249,207,42,False,False,6,0,10,0,0,0,0,0,0,28.99,0.0,48.31,0.0,0.0,usai Pertemuan Bilateral dengan Perdana Menteri Pakistan
049,2024-12-18,Bahasa Indonesia,Diplomatic exchange / joint statement,International diplomacy and strategic partnership,721,721,0,False,False,6,34,15,0,0,0,0,0,0,8.32,47.16,20.8,0.0,0.0,usai Pertemuan Bilateral Presiden RI dan Presiden Republik Arab Mesir dalam Kunjungan Kenegaraan
050,2024-12-19,English,Ceremonial / policy address,International diplomacy and strategic partnership,656,656,0,False,True,0,0,0,2,0,0,25,11,11,0.0,0.0,0.0,3.05,71.65,"D-8 Summit at the Presidential Palace, New Administrative Capital, Cairo, Egypt, December 19, 2024"
051,2024-12-19,English,Ceremonial / policy address,International diplomacy and strategic partnership,656,656,0,False,False,0,0,0,2,0,0,25,11,11,0.0,0.0,0.0,3.05,71.65,Konferensi Tingkat Tinggi (KTT) D-8
052,2024-12-19,English,Ceremonial / policy address,International diplomacy and strategic partnership,371,371,0,False,False,0,0,0,7,0,1,24,8,4,0.0,0.0,0.0,21.56,97.04,Sesi Khusus Konferensi Tingkat Tinggi (KTT) D-8
053,2024-12-19,English,Ceremonial / policy address,International diplomacy and strategic partnership,371,371,0,False,False,0,0,0,7,0,1,24,8,4,0.0,0.0,0.0,21.56,97.04,"the Special Session of D-8 Summit at the Presidential Palace, New Administrative Capital, Cairo, Egypt"
054,2024-12-25,English,Public greeting / condolence,"Religious, cultural, and social solidarity",105,105,0,False,False,0,0,0,3,0,1,0,3,0,0.0,0.0,0.0,38.1,28.57,"Christmas 2024 and New Year 2025, in Hambalang, Bogor Regency, West Java Province, December 25, 2024"
055,2024-12-25,Bahasa Indonesia,Public greeting / condolence,"Religious, cultural, and social solidarity",106,106,0,False,False,2,0,3,0,0,0,0,0,0,18.87,0.0,28.3,0.0,0.0,Hari Raya Natal 2024 dan Tahun Baru 2025
056,2024-12-28,Bahasa Indonesia,Presidential address,"Religious, cultural, and social solidarity",1649,1649,0,True,False,59,7,56,0,0,0,0,0,0,35.78,4.24,33.96,0.0,0.0,Perayaan Natal Nasional Tahun 2024
057,2024-12-30,Bahasa Indonesia,Presidential address,"Economy, investment, and business",2443,2443,0,True,False,73,1,119,0,0,0,0,0,0,29.88,0.41,48.71,0.0,0.0,Musyawarah Perencanaan Pembangunan Nasional (Musrenbangnas) RPJMN Tahun 2025-2029
058,2024-12-31,Bahasa Indonesia,Presidential address,Cabinet and executive governance,775,775,0,False,False,17,0,8,0,0,0,0,0,0,21.94,0.0,10.32,0.0,0.0,terkait Pengumuman Kenaikan PPN 12 Persen Berlaku Hanya untuk Barang dan Jasa Mewah
059,2025-01-15,Bahasa Indonesia,Press statement / media Q&A,International diplomacy and strategic partnership,398,393,5,False,False,10,13,3,0,0,0,0,0,0,25.45,33.08,7.63,0.0,0.0,Kunjungan Resmi Perdana Menteri Jepang Ishiba Shigeru
060,2025-01-17,Bahasa Indonesia,Presidential address,"Economy, investment, and business",1156,1156,0,False,False,52,0,43,0,0,0,0,0,0,44.98,0.0,37.2,0.0,0.0,Musyawarah Nasional Konsolidasi Persatuan Kadin Indonesia
061,2025-01-17,Bahasa Indonesia,Press statement / media Q&A,"Economy, investment, and business",136,90,46,False,False,1,0,5,0,0,0,0,0,0,11.11,0.0,55.56,0.0,0.0,pada Musyawarah Nasional Konsolidasi Persatuan Kadin Indonesia
062,2025-01-23,Bahasa Indonesia,Ceremonial / policy address,"Infrastructure, energy, and natural resources",948,948,0,False,False,33,0,47,0,0,0,0,0,0,34.81,0.0,49.58,0.0,0.0,Peresmian Proyek Strategis Ketenagalistrikan di 18 Provinsi
063,2025-01-23,Bahasa Indonesia,Cabinet/executive briefing,Cabinet and executive governance,1960,1960,0,True,False,59,0,95,0,0,0,0,0,0,30.1,0.0,48.47,0.0,0.0,Sidang Kabinet Paripurna
064,2025-01-23,Bahasa Indonesia,Press statement / media Q&A,"Infrastructure, energy, and natural resources",723,662,61,False,False,29,2,33,0,0,0,0,0,0,43.81,3.02,49.85,0.0,0.0,usai Peresmian Proyek Strategis Ketenagalistrikan di 18 Provinsi
065,2025-01-24,Bahasa Indonesia,Presidential address,International diplomacy and strategic partnership,528,528,0,False,False,15,0,14,0,0,0,0,0,0,28.41,0.0,26.52,0.0,0.0,"sebelum Keberangkatan Kunjungan Kerja ke New Delhi, India"
066,2025-02-10,Bahasa Indonesia,Presidential address,"Religious, cultural, and social solidarity",315,315,0,False,False,7,0,5,0,0,0,0,0,0,22.22,0.0,15.87,0.0,0.0,Hari Pers Nasional Ke-79 tahun 2025 dari Presiden Prabowo Subianto
067,2025-02-10,Bahasa Indonesia,Presidential address,"Defence, security, law, and public order",561,561,0,False,False,11,1,14,0,0,0,0,0,0,19.61,1.78,24.96,0.0,0.0,Komandan Satuan TNI
068,2025-02-10,Bahasa Indonesia,Presidential address,"Religious, cultural, and social solidarity",1493,1493,0,False,False,78,16,18,0,0,0,0,0,0,52.24,10.72,12.06,0.0,0.0,Peringatan Hari Lahir ke-102 Nahdlatul Ulama
069,2025-02-10,Bahasa Indonesia,Presidential address,"Defence, security, law, and public order",284,284,0,False,False,5,0,9,0,0,0,0,0,0,17.61,0.0,31.69,0.0,0.0,Sidang Perdana Dewan Pertahanan Nasional
070,2025-02-10,Bahasa Indonesia,Public greeting / condolence,"Religious, cultural, and social solidarity",135,135,0,False,False,2,0,6,0,0,0,0,0,0,14.81,0.0,44.44,0.0,0.0,Tahun Baru Imlek 2576
071,2025-02-18,Bahasa Indonesia,Presidential address,"Economy, investment, and business",1079,1079,0,False,False,7,0,49,0,0,0,0,0,0,6.49,0.0,45.41,0.0,0.0,tentang Penetapan PP Nomor 8 Tahun 2025 yang Mengatur Kewajiban Penyimpanan Devisa Hasil Ekspor SDA di
072,2025-02-27,Bahasa Indonesia,Ceremonial / policy address,"Economy, investment, and business",1104,1104,0,False,False,19,0,46,0,0,0,0,0,0,17.21,0.0,41.67,0.0,0.0,"Peresmian Layanan Bank Emas Pegadaian dan Bank Syariah Indonesia Di The Gade Tower, Jakarta"
073,2025-02-28,Bahasa Indonesia,Presidential address,"Religious, cultural, and social solidarity",319,319,0,False,False,8,0,8,0,0,0,0,0,0,25.08,0.0,25.08,0.0,0.0,Jelang Ramadan 1446 H
074,2025-03-08,English,Presidential address,"Economy, investment, and business",1155,1155,0,False,True,0,0,0,19,1,7,17,2,4,0.0,0.0,0.0,23.38,19.91,Pertemuan dengan Investor Global Ray Dalio
075,2025-03-11,Bahasa Indonesia,Presidential address,"Economy, investment, and business",402,402,0,False,False,6,0,11,0,0,0,0,0,0,14.93,0.0,27.36,0.0,0.0,Mengenai Bonus Hari Raya kepada Pengemudi Online
076,2025-03-11,Bahasa Indonesia,Presidential address,International diplomacy and strategic partnership,591,591,0,False,False,9,0,38,0,0,0,0,0,0,15.23,0.0,64.3,0.0,0.0,Sekretaris Jenderal Partai Komunis Viet Nam
077,2025-03-12,Bahasa Indonesia,Presidential address,Cabinet and executive governance,373,373,0,False,False,4,0,4,0,0,0,0,0,0,10.72,0.0,10.72,0.0,0.0,"Mengenai THR dan Gaji 13 Bagi ASN, PPPK, Hakim, TNI Polri, dan Pensiunan Tahun 2025"
078,2025-03-18,Bahasa Indonesia,Ceremonial / policy address,"Economy, investment, and business",1051,1051,0,False,False,19,2,41,0,0,0,0,0,0,18.08,1.9,39.01,0.0,0.0,"Peresmian Pabrik Pemurnian Logam Mulia PT Freeport Indonesia, Gresik"
079,2025-03-18,Bahasa Indonesia,Press statement / media Q&A,"Economy, investment, and business",110,99,11,False,False,1,0,10,0,0,0,0,0,0,10.1,0.0,101.01,0.0,0.0,"Setelah Peresmian Pabrik Pemurnian Logam Mulia PT Freeport Indonesia, Gresik"
080,2025-03-21,Bahasa Indonesia,Ceremonial / policy address,"Economy, investment, and business",1053,1053,0,False,False,20,1,43,0,0,0,0,0,0,18.99,0.95,40.84,0.0,0.0,Peresmian Kawasan Ekonomi Khusus (KEK) Industropolis Batang
081,2025-03-21,Bahasa Indonesia,Press statement / media Q&A,"Economy, investment, and business",251,225,26,False,False,6,0,21,0,0,0,0,0,0,26.67,0.0,93.33,0.0,0.0,Setelah Peresmian Kawasan Ekonomi Khusus (KEK) Industropolis Batang
082,2025-03-25,Bahasa Indonesia,Cabinet/executive briefing,Cabinet and executive governance,2285,2285,0,True,False,54,3,104,0,0,0,0,0,0,23.63,1.31,45.51,0.0,0.0,Sidang Kabinet Paripurna Mengenai Persiapan Menjelang Hari Raya Idulfitri 1446 H
083,2025-03-26,Bahasa Indonesia,Presidential address,"Economy, investment, and business",371,371,0,False,False,1,0,8,0,0,0,0,0,0,2.7,0.0,21.56,0.0,0.0,Presiden New Development Bank (NDB)
084,2025-03-26,Bahasa Indonesia,Press statement / media Q&A,"Sport, youth, and national morale",98,59,39,False,False,2,0,8,0,0,0,0,0,0,33.9,0.0,135.59,0.0,0.0,Setelah Menyaksikan Secara Langsung Pertandingan Antara Timnas Sepak Bola Indonesia dan Timnas Sepak
085,2025-04-04,Bahasa Indonesia,Press statement / media Q&A,"Religious, cultural, and social solidarity",60,55,5,False,False,6,0,2,0,0,0,0,0,0,109.09,0.0,36.36,0.0,0.0,Setelah Melayat Mendiang Uskup Emeritus Keuskupan Agung Kupang Monsinyur (Mgr) Petrus Turang di Gereja
086,2025-04-09,Bahasa Indonesia,Presidential address,International diplomacy and strategic partnership,744,744,0,False,False,28,7,11,0,0,0,0,0,0,37.63,9.41,14.78,0.0,0.0,Menjelang Keberangkatan ke Timur Tengah dan Turkiye
087,2025-04-09,Bahasa Indonesia,Press statement / media Q&A,International diplomacy and strategic partnership,106,77,29,False,False,3,0,6,0,0,0,0,0,0,38.96,0.0,77.92,0.0,0.0,Sebelum Keberangkatan Menuju Bandar Udara Presidential Flight Abu Dhabi
088,2025-04-11,Bahasa Indonesia,Presidential address,International diplomacy and strategic partnership,652,652,0,False,False,25,13,23,0,0,0,0,0,0,38.34,19.94,35.28,0.0,0.0,Presiden Republik Turkiye
089,2025-04-11,Bahasa Indonesia,Presidential address,International diplomacy and strategic partnership,57,57,0,False,False,6,0,2,0,0,0,0,0,0,105.26,0.0,35.09,0.0,0.0,Sebelum Bertolak Menuju Antalya
090,2025-04-15,Bahasa Indonesia,Press statement / media Q&A,International diplomacy and strategic partnership,182,120,62,False,False,1,0,14,0,0,0,0,0,0,8.33,0.0,116.67,0.0,0.0,"Setelah Pertemuan dengan Raja Abdullah II, Amman, Yordania Senin, 14 April 2025"
091,2025-04-22,Bahasa Indonesia,Presidential address,"Religious, cultural, and social solidarity",122,122,0,False,False,1,0,2,0,0,0,0,0,0,8.2,0.0,16.39,0.0,0.0,Wafatnya Sri Paus Fransiskus
092,2025-04-23,Bahasa Indonesia,Presidential address,"Food security, agriculture, and rural development",2723,2723,0,True,False,55,0,135,0,0,0,0,0,0,20.2,0.0,49.58,0.0,0.0,Peluncuran Gerakan Indonesia Menanam (Gerina)
093,2025-04-25,Bahasa Indonesia,Press statement / media Q&A,"Food security, agriculture, and rural development",233,215,18,False,False,2,0,14,0,0,0,0,0,0,9.3,0.0,65.12,0.0,0.0,Setelah Peluncuran Program Gerakan Indonesia Menanam
094,2025-04-29,Bahasa Indonesia,Press statement / media Q&A,"Economy, investment, and business",248,223,25,False,False,10,0,6,0,0,0,0,0,0,44.84,0.0,26.91,0.0,0.0,"Setelah Town Hall Danantara Indonesia 2025 di Jakarta Convention Center (JCC), Provinsi DKI Jakarta"
095,2025-05-01,Bahasa Indonesia,Presidential address,"Economy, investment, and business",1578,1578,0,True,False,64,8,35,0,0,0,0,0,0,40.56,5.07,22.18,0.0,0.0,"Peringatan Hari Buruh Internasional di Monumen Nasional, Kota Administrasi Jakarta Pusat, Provinsi DKI"
096,2025-05-04,Bahasa Indonesia,Ceremonial / policy address,Health and public service,731,731,0,False,False,20,0,24,0,0,0,0,0,0,27.36,0.0,32.83,0.0,0.0,Peresmian Terminal Khusus Haji dan Umrah 2F Bandar Udara Internasional Soekarno-Hatta di Bandar Udara
097,2025-05-04,Bahasa Indonesia,Press statement / media Q&A,Health and public service,182,148,34,False,False,3,0,13,0,0,0,0,0,0,20.27,0.0,87.84,0.0,0.0,Setelah Peresmian Terminal Khusus Haji dan Umrah 2F Bandar Udara Internasional Soekarno-Hatta di Bandar
098,2025-05-05,Bahasa Indonesia,Cabinet/executive briefing,Cabinet and executive governance,5434,5434,0,True,False,163,5,254,0,0,0,0,0,0,30.0,0.92,46.74,0.0,0.0,Sidang Kabinet Paripurna mengenai Evaluasi Semester Pertama Pemerintahan
099,2025-05-08,Bahasa Indonesia,Presidential address,"Defence, security, law, and public order",2722,2722,0,True,False,77,3,129,0,0,0,0,0,0,28.29,1.1,47.39,0.0,0.0,Halal Bihalal Presiden RI Bersama Purnawirawan TNI AD dan Keluarga Besar TNI-Polri di Balai Kartini
100,2025-05-09,Bahasa Indonesia,Presidential address,Health and public service,502,502,0,False,False,7,0,10,0,0,0,0,0,0,13.94,0.0,19.92,0.0,0.0,Pertemuan Bill Gates dengan Filantropis Indonesia
101,2025-05-14,Bahasa Indonesia,Presidential address,"Defence, security, law, and public order",370,370,0,False,False,7,0,9,0,0,0,0,0,0,18.92,0.0,24.32,0.0,0.0,Pelepasan Jenazah Almarhum Mayor Jenderal TNI (Purn.) Eddie Mardjoeki Nalapraya di Padepokan Pencak
102,2025-05-15,Bahasa Indonesia,Ceremonial / policy address,International diplomacy and strategic partnership,319,319,0,False,False,12,7,6,0,0,0,0,0,0,37.62,21.94,18.81,0.0,0.0,Penganugerahan Bintang Kebesaran Negara Brunei Darussalam “Darjah Kerabat Laila Utama Yang Amat
103,2025-05-19,English,Press statement / media Q&A,International diplomacy and strategic partnership,1690,746,944,False,True,0,0,0,0,0,0,0,0,0,0.0,0.0,0.0,0.0,0.0,Perdana Menteri Australia
104,2025-05-19,Bahasa Indonesia,Ceremonial / policy address,International diplomacy and strategic partnership,1494,1494,0,False,False,25,3,59,0,0,0,0,0,0,16.73,2.01,39.49,0.0,0.0,Peresmian Pembukaan the 19th Session of Parliamentary Union of the OIC Member States (PUIC) Conference
105,2025-05-19,Bahasa Indonesia,Ceremonial / policy address,"Infrastructure, energy, and natural resources",706,706,0,False,False,15,2,24,0,0,0,0,0,0,21.25,2.83,33.99,0.0,0.0,Peresmian Produksi Perdana Lapangan Minyak Forel dan Terubuk (secara hybrid)
106,2025-05-20,Bahasa Indonesia,Diplomatic exchange / joint statement,International diplomacy and strategic partnership,696,696,0,False,False,11,22,7,0,0,0,0,0,0,15.8,31.61,10.06,0.0,0.0,"Perdana Menteri Thailand di Government House, Bangkok,Thailand Senin, 19 Mei 2025"
107,2025-05-22,Bahasa Indonesia,Ceremonial / policy address,"Economy, investment, and business",1163,1163,0,False,False,30,0,55,0,0,0,0,0,0,25.8,0.0,47.29,0.0,0.0,Peresmian Pembukaan Konvensi dan Pameran Ke-49 Indonesian Petroleum Association (IPA) Tahun 2025 di ICE
108,2025-05-22,Bahasa Indonesia,Press statement / media Q&A,"Economy, investment, and business",129,115,14,False,False,1,0,6,0,0,0,0,0,0,8.7,0.0,52.17,0.0,0.0,Setelah Pembukaan Konvensi dan Pameran Ke-49 Indonesian Petroleum Association (IPA CONVEX) Tahun 2025 di
109,2025-05-26,Bahasa Indonesia,Presidential address,International diplomacy and strategic partnership,1107,1107,0,False,False,36,2,34,0,0,0,0,0,0,32.52,1.81,30.71,0.0,0.0,Indonesia-China Business Reception 2025
110,2025-05-26,Bahasa Indonesia,Press statement / media Q&A,International diplomacy and strategic partnership,326,321,5,False,False,5,4,7,0,0,0,0,0,0,15.58,12.46,21.81,0.0,0.0,Premier Republik Rakyat Tiongkok (RRT) pada Pertemuan Bilateral Pemerintah RI dan Pemerintah RRT
111,2025-05-28,Bahasa Indonesia,Press statement / media Q&A,International diplomacy and strategic partnership,1755,906,849,False,False,21,17,20,0,0,0,0,0,0,23.18,18.76,22.08,0.0,0.0,Presiden Republik Prancis
112,2025-05-28,Bahasa Indonesia,Press statement / media Q&A,International diplomacy and strategic partnership,347,149,198,False,False,4,1,6,0,0,0,0,0,0,26.85,6.71,40.27,0.0,0.0,Presiden Republik Prancis pada Pertemuan Bilateral Pemerintah Republik Indonesia dan Pemerintah Republik
113,2025-05-28,English,Press statement / media Q&A,International diplomacy and strategic partnership,139,48,91,False,False,0,0,0,4,0,0,2,1,1,0.0,0.0,0.0,83.33,83.33,Presiden Republik Prancis pada Tete-a-tete Meeting
114,2025-05-29,Bahasa Indonesia,Press statement / media Q&A,International diplomacy and strategic partnership,924,202,722,False,False,5,3,4,0,0,0,0,0,0,24.75,14.85,19.8,0.0,0.0,Presiden Republik Prancis pada Acara Kunjungan ke Candi Borobudur
115,2025-05-29,Bahasa Indonesia,Press statement / media Q&A,International diplomacy and strategic partnership,534,213,321,False,False,7,3,8,0,0,0,0,0,0,32.86,14.08,37.56,0.0,0.0,Sambutan Presiden Republik Indonesia dan Presiden Republik Prancis pada Jamuan Makan Malam Kenegaraan
116,2025-05-30,English,Press statement / media Q&A,International diplomacy and strategic partnership,105,95,10,False,False,0,0,0,3,0,0,3,0,0,0.0,0.0,0.0,31.58,31.58,"Pertemuan dengan Utusan Khusus Perdana Menteri Inggris Urusan Pendidikan, Duta Besar Inggris untuk"
117,2025-06-05,Bahasa Indonesia,Presidential address,"Economy, investment, and business",1768,1768,0,True,False,54,0,93,0,0,0,0,0,0,30.54,0.0,52.6,0.0,0.0,Panen Raya Jagung Serentak Kuartal II dan Pelepasan Ekspor Jagung
118,2025-06-05,Bahasa Indonesia,Press statement / media Q&A,"Economy, investment, and business",142,137,5,False,False,1,0,11,0,0,0,0,0,0,7.3,0.0,80.29,0.0,0.0,Setelah Panen Raya Jagung Serentak Kuartal II dan Pelepasan Ekspor Jagung
119,2025-06-06,Bahasa Indonesia,Press statement / media Q&A,"Sport, youth, and national morale",59,33,26,False,False,0,0,5,0,0,0,0,0,0,0.0,0.0,151.52,0.0,0.0,Setelah Menyaksikan Pertandingan Laga Lanjutan Putaran Ketiga Kualifikasi Piala Dunia 2026 Indonesia VS
120,2025-06-12,Bahasa Indonesia,Presidential address,Education and human-capital development,1529,1529,0,True,False,58,0,33,0,0,0,0,0,0,37.93,0.0,21.58,0.0,0.0,"Pengukuhan Hakim Mahkamah Agung Republik Indonesia di Mahkamah Agung, Provinsi DKI Jakarta Kamis, 12"
121,2025-06-12,Bahasa Indonesia,Ceremonial / policy address,Education and human-capital development,925,925,0,False,False,45,0,23,0,0,0,0,0,0,48.65,0.0,24.86,0.0,0.0,"Peresmian Kampus Bhinneka Tunggal Ika Universitas Pertahanan di Universitas Pertahanan, Kabupaten Bogor"
122,2025-06-12,Bahasa Indonesia,Ceremonial / policy address,"Defence, security, law, and public order",1094,1094,0,False,False,16,0,36,0,0,0,0,0,0,14.63,0.0,32.91,0.0,0.0,"Peresmian Pembukaan Indo Defence 2025 Expo & Forum di Indo Defence Arena, JI-Expo Kemayoran, Provinsi"
123,2025-06-13,Bahasa Indonesia,Ceremonial / policy address,"Infrastructure, energy, and natural resources",2543,2543,0,True,False,82,0,127,0,0,0,0,0,0,32.25,0.0,49.94,0.0,0.0,"Peresmian Penutupan Konferensi Internasional Infrastruktur di Jakarta Convention Center, Kota"
124,2025-06-16,English,Ceremonial / policy address,International diplomacy and strategic partnership,620,620,0,False,True,0,0,0,17,2,6,18,0,9,0.0,0.0,0.0,40.32,43.55,"Jamuan Santap Siang Kenegaraan di Raffles Hotel, Singapura Senin, 16 Juni 2025"
125,2025-06-16,English,Diplomatic exchange / joint statement,International diplomacy and strategic partnership,2016,1182,834,False,True,0,0,0,35,4,6,35,4,15,0.0,0.0,0.0,38.07,45.69,"Perdana Menteri Singapura di Parliament House, Singapura Senin, 16 Juni 2025"
126,2025-06-20,Bahasa Indonesia,Diplomatic exchange / joint statement,International diplomacy and strategic partnership,1220,477,743,False,False,14,12,5,0,0,0,0,0,0,29.35,25.16,10.48,0.0,0.0,Presiden Federasi Rusia pada Kunjungan Resmi Presiden RI ke St. Petersburg
127,2025-06-20,Bahasa Indonesia,Diplomatic exchange / joint statement,International diplomacy and strategic partnership,397,227,170,False,False,21,0,4,0,0,0,0,0,0,92.51,0.0,17.62,0.0,0.0,Presiden Federasi Rusia pada Pertemuan Tete-a-Tete
128,2025-06-25,English,Ceremonial / policy address,"Economy, investment, and business",1841,1841,0,False,True,0,0,0,41,6,16,59,7,16,0.0,0.0,0.0,34.22,44.54,St. Petersburg International Economic Forum (SPIEF ’25) di ExpoForum Convention and Exhibition Centre
129,2025-06-26,Bahasa Indonesia,Ceremonial / policy address,"Economy, investment, and business",1302,1302,0,False,False,46,0,38,0,0,0,0,0,0,35.33,0.0,29.19,0.0,0.0,Peresmian Kawasan Ekonomi Khusus (KEK) Sanur dan Bali International Hospital
130,2025-06-26,Bahasa Indonesia,Ceremonial / policy address,Health and public service,265,265,0,False,False,12,0,9,0,0,0,0,0,0,45.28,0.0,33.96,0.0,0.0,"Peresmian Ngoerah Sun Wellness and Aesthetic Center (NSWAC) di RSUP Prof. dr. I.G.N.G Ngoerah, Kota"
131,2025-06-26,Bahasa Indonesia,Ceremonial / policy address,"Infrastructure, energy, and natural resources",3743,2413,1330,True,False,51,8,88,0,0,0,0,0,0,21.14,3.32,36.47,0.0,0.0,"Peresmian Pengoperasian dan Pembangunan Energi Terbarukan di 15 Provinsi, Peningkatan Produksi Minyak 30"
132,2025-07-01,Bahasa Indonesia,Ceremonial / policy address,"Defence, security, law, and public order",1135,1135,0,False,False,24,0,34,0,0,0,0,0,0,21.15,0.0,29.96,0.0,0.0,"Upacara Peringatan ke-79 Hari Bhayangkara di Pelataran Merdeka, Monas, Provinsi DKI Jakarta Selasa, 1"
133,2025-07-10,English,Diplomatic exchange / joint statement,International diplomacy and strategic partnership,1054,1054,0,False,True,0,0,0,25,2,10,43,0,10,0.0,0.0,0.0,35.1,50.28,Presiden Brasil
134,2025-07-13,English,Diplomatic exchange / joint statement,International diplomacy and strategic partnership,547,547,0,False,False,0,0,0,13,2,0,27,1,8,0.0,0.0,0.0,27.42,65.81,Pertemuan Bilateral dengan Presiden Dewan Eropa
135,2025-07-13,English,Diplomatic exchange / joint statement,International diplomacy and strategic partnership,432,432,0,False,False,0,0,0,15,4,0,19,2,3,0.0,0.0,0.0,43.98,55.56,"Presiden Komisi Eropa di Brussel, Belgia Minggu, 13 Juli 2025"
136,2025-07-17,Bahasa Indonesia,Press statement / media Q&A,International diplomacy and strategic partnership,865,734,131,False,False,30,0,53,0,0,0,0,0,0,40.87,0.0,72.21,0.0,0.0,Setelah Melaksanakan Kunjungan Kerja ke Sejumlah Negara
137,2025-07-20,Bahasa Indonesia,Press statement / media Q&A,General presidential communication,546,499,47,False,False,19,0,19,0,0,0,0,0,0,38.08,0.0,38.08,0.0,0.0,"Setelah Kunjungan ke Kediaman Presiden ke-7 Republik Indonesia di Kelurahan Sumber, Kota Surakarta"
138,2025-07-29,Bahasa Indonesia,Press statement / media Q&A,International diplomacy and strategic partnership,224,155,69,False,False,4,2,9,0,0,0,0,0,0,25.81,12.9,58.06,0.0,0.0,Perdana Menteri Malaysia Anwar Ibrahim dalam Pertemuan Tete-a-Tete
139,2025-08-15,Bahasa Indonesia,Presidential address,"Economy, investment, and business",3503,3500,3,True,False,33,3,137,0,0,0,0,0,0,9.43,0.86,39.14,0.0,0.0,Penyampaian Keterangan Pemerintah Atas Rancangan Undang-Undang Tentang Anggaran Pendapatan Dan Belanja
140,2025-08-15,Bahasa Indonesia,Presidential address,General presidential communication,2465,2465,0,True,False,18,0,59,0,0,0,0,0,0,7.3,0.0,23.94,0.0,0.0,Sidang Tahunan Majelis Permusyawaratan Rakyat Republik Indonesia dan Sidang Bersama Dewan Perwakilan
141,2025-08-29,Bahasa Indonesia,Presidential address,"Defence, security, law, and public order",372,372,0,False,False,12,2,16,0,0,0,0,0,0,32.26,5.38,43.01,0.0,0.0,"Peristiwa Demonstrasi dan Wafatnya Pengemudi Ojol di Hambalang, Kabupaten Bogor, Provinsi Jawa Barat"
142,2025-09-08,English,Ceremonial / policy address,International diplomacy and strategic partnership,254,254,0,False,False,0,0,0,2,1,0,9,0,0,0.0,0.0,0.0,11.81,35.43,"BRICS Leaders Virtual Meeting (melalui Video Conference) di Kertanegara, Kota Administrasi Jakarta"
143,2025-09-12,Bahasa Indonesia,Press statement / media Q&A,Education and human-capital development,966,830,136,False,False,16,0,59,0,0,0,0,0,0,19.28,0.0,71.08,0.0,0.0,"Setelah Peninjauan SRMA 10 Margaguna, Jakarta Selatan di SRMA 10 Margaguna, Kota Administrasi Jakarta"
144,2025-09-25,Bahasa Indonesia,Press statement / media Q&A,International diplomacy and strategic partnership,185,133,52,False,False,9,0,6,0,0,0,0,0,0,67.67,0.0,45.11,0.0,0.0,"Setelah Menghadiri Sidang Majelis Umum ke-80 Perserikatan Bangsa-Bangsa di New York, Amerika Serikat"
145,2025-09-25,Bahasa Indonesia,Press statement / media Q&A,Health and public service,127,107,20,False,False,3,1,1,0,0,0,0,0,0,28.04,9.35,9.35,0.0,0.0,Setelah Penganugerahan Gelar Tanda Kehormatan Bintang Jasa Utama Kepada Bill Gates
146,2025-09-30,Bahasa Indonesia,Press statement / media Q&A,International diplomacy and strategic partnership,411,360,51,False,False,18,1,17,0,0,0,0,0,0,50.0,2.78,47.22,0.0,0.0,Saat Tiba di Tanah Air Usai Lawatan Luar Negeri
147,2025-10-01,Bahasa Indonesia,Presidential address,International diplomacy and strategic partnership,2496,2496,0,True,False,65,0,125,0,0,0,0,0,0,26.04,0.0,50.08,0.0,0.0,Akad Massal 26 Ribu Kredit Pemilikan Rumah Fasilitas Likuiditas Pembiayaan Perumahan dan Serah Terima
148,2025-10-08,Bahasa Indonesia,Ceremonial / policy address,"Defence, security, law, and public order",983,983,0,False,False,18,0,26,0,0,0,0,0,0,18.31,0.0,26.45,0.0,0.0,Amanat Presiden Republik Indonesia pada Upacara Peringatan Hari Ulang Tahun ke-80 Tentara Nasional
149,2025-10-08,Bahasa Indonesia,Ceremonial / policy address,"Defence, security, law, and public order",211,211,0,False,False,6,0,3,0,0,0,0,0,0,28.44,0.0,14.22,0.0,0.0,Penganugerahan Tanda Kehormatan Bintang Yudha Dharma Pratama dan Samkaryanugraha dalam Acara
150,2025-10-08,Bahasa Indonesia,Ceremonial / policy address,"Infrastructure, energy, and natural resources",265,265,0,False,False,9,0,10,0,0,0,0,0,0,33.96,0.0,37.74,0.0,0.0,"Setelah Menyaksikan Penyerahan Aset Rampasan Negara dari Tambang Ilegal Kepada PT Timah, Tbk di Smelter"
151,2025-10-15,Bahasa Indonesia,Ceremonial / policy address,"Defence, security, law, and public order",262,262,0,False,False,10,2,14,0,0,0,0,0,0,38.17,7.63,53.44,0.0,0.0,Saat Tiba di Tanah Air usai Hadiri KTT Perdamaian dan Penghentian Perang Gaza
152,2025-10-18,Bahasa Indonesia,Press statement / media Q&A,Education and human-capital development,60,51,9,False,False,3,0,1,0,0,0,0,0,0,58.82,0.0,19.61,0.0,0.0,Setelah Menghadiri Sidang Senat Terbuka dan Dies Natalis Universitas Kebangsaan Republik Indonesia
153,2025-10-20,Bahasa Indonesia,Ceremonial / policy address,"Defence, security, law, and public order",1176,1176,0,False,False,40,0,35,0,0,0,0,0,0,34.01,0.0,29.76,0.0,0.0,Penyerahan Uang Pengganti Kerugian Negara Rp13.255244.538.149 dalam Perkara Tindak Pidana Korupsi
154,2025-10-20,Bahasa Indonesia,Cabinet/executive briefing,Cabinet and executive governance,6774,6774,0,True,False,134,2,363,0,0,0,0,0,0,19.78,0.3,53.59,0.0,0.0,Sidang Kabinet Paripurna dalam rangka Memperingati Satu Tahun Pemerintahan Kabinet Merah Putih
155,2025-10-23,Bahasa Indonesia,Press statement / media Q&A,International diplomacy and strategic partnership,1640,824,816,False,False,28,2,53,0,0,0,0,0,0,33.98,2.43,64.32,0.0,0.0,Presiden Republik Federasi Brasil
156,2025-10-29,Bahasa Indonesia,Presidential address,"Religious, cultural, and social solidarity",410,410,0,False,False,3,0,16,0,0,0,0,0,0,7.32,0.0,39.02,0.0,0.0,Hari Sumpah Pemuda ke-97 Tahun 2025 dari Presiden Prabowo Subianto
157,2025-10-29,Bahasa Indonesia,Presidential address,"Defence, security, law, and public order",2481,2481,0,True,False,101,0,100,0,0,0,0,0,0,40.71,0.0,40.31,0.0,0.0,"Pemusnahan Barang Bukti Narkoba 214,84 Ton Senilai Rp29,37 Triliun Periode Satu Tahun Pemerintahan oleh"
158,2025-10-29,Bahasa Indonesia,Press statement / media Q&A,"Defence, security, law, and public order",185,168,17,False,False,5,0,9,0,0,0,0,0,0,29.76,0.0,53.57,0.0,0.0,"Pemusnahan Barang Bukti Narkoba Sejumlah 214,84 Ton Senilai Rp29,37 Triliun Periode Satu Tahun"
159,2026-01-05,Bahasa Indonesia,Presidential address,"Religious, cultural, and social solidarity",3417,3417,0,True,False,192,8,93,0,0,0,0,0,0,56.19,2.34,27.22,0.0,0.0,"Perayaan Natal Nasional Tahun 2025 di Tenis Indoor Senayan, Kota Administrasi Jakarta Pusat, Provinsi"
160,2026-01-07,Bahasa Indonesia,Presidential address,"Food security, agriculture, and rural development",3521,3521,0,True,False,163,2,104,0,0,0,0,0,0,46.29,0.57,29.54,0.0,0.0,"Panen Raya dan Pengumuman Swasembada Pangan di Desa Kertamukti, Kabupaten Karawang, Provinsi Jawa Barat"
161,2026-01-07,Bahasa Indonesia,Cabinet/executive briefing,Cabinet and executive governance,1546,1546,0,True,False,38,1,106,0,0,0,0,0,0,24.58,0.65,68.56,0.0,0.0,"Taklimat Awal Tahun Presiden Republik Indonesia di Hambalang, Provinsi Jawa Barat"
162,2026-01-08,Bahasa Indonesia,Presidential address,International diplomacy and strategic partnership,1349,1349,0,False,False,36,3,19,0,0,0,0,0,0,26.69,2.22,14.08,0.0,0.0,Pemberian Penghargaan Atlet SEA Games Ke-33 Thailand
163,2026-01-12,Bahasa Indonesia,Ceremonial / policy address,Education and human-capital development,3593,3593,0,True,False,132,3,120,0,0,0,0,0,0,36.74,0.83,33.4,0.0,0.0,Peresmian 166 Sekolah Rakyat di 34 Provinsi di Balai Besar Pendidkan Pelatihan Kesejahteran Sosial
164,2026-01-12,Bahasa Indonesia,Ceremonial / policy address,"Infrastructure, energy, and natural resources",2567,2567,0,True,False,52,0,136,0,0,0,0,0,0,20.26,0.0,52.98,0.0,0.0,Peresmian Infrastruktur Energi Terintegrasi Pertamina Refinery Development Master Plan
165,2026-01-13,Bahasa Indonesia,Ceremonial / policy address,Education and human-capital development,1038,1038,0,False,False,21,0,35,0,0,0,0,0,0,20.23,0.0,33.72,0.0,0.0,Peresmian SMA Taruna Nusantara Kampus Malang
166,2026-01-20,Bahasa Indonesia,Press statement / media Q&A,International diplomacy and strategic partnership,305,219,86,False,False,2,0,24,0,0,0,0,0,0,9.13,0.0,109.59,0.0,0.0,"Keterangan Pers di London, Inggris"
167,2026-01-20,English,Diplomatic exchange / joint statement,International diplomacy and strategic partnership,134,6,128,False,False,0,0,0,0,0,1,0,0,0,0.0,0.0,0.0,166.67,0.0,Pertemuan Bilateral Presiden Republik Indonesia Prabowo Subianto dan Perdana Menteri Inggris Keir Starmer
168,2026-01-20,English,Diplomatic exchange / joint statement,International diplomacy and strategic partnership,318,111,207,False,False,0,0,0,7,1,1,1,0,2,0.0,0.0,0.0,81.08,27.03,Pertemuan Tete-a-tete Presiden Republik Indonesia Prabowo Subianto dan Perdana Menteri Inggris Keir
169,2026-01-22,English,Ceremonial / policy address,International diplomacy and strategic partnership,3505,3505,0,False,True,0,0,0,51,5,25,108,11,43,0.0,0.0,0.0,23.11,46.22,World Economic Forum (WEF) Annual Meeting 2026
