id,lang,prabowo_words,lexical,grammatical,proper,numeral,tokens_excl,density,density_incl_proper,epi_total,epi_cognitive_verb,epi_adverbial,epi_adjectival,epi_deferential,date,interaction_type,field_domain,event,field6,it5,scripted,epi_total_per1k,epi_cognitive_verb_per1k,epi_adverbial_per1k,epi_adjectival_per1k,epi_deferential_per1k
001,English,177,77,97,3,0,174,44.253,45.198,0,0,0,0,0,2024-10-20,Ceremonial / policy address,International diplomacy and strategic partnership,"Jamuan Santap Malam Resmi untuk Pemimpin Negara dan Utusan Khusus, 20 Oktober 2024",Intl diplomacy,Ceremonial / policy address,scripted,0.0,0.0,0.0,0.0,0.0
002,Bahasa Indonesia,1384,720,170,382,9,890,80.899,86.027,1,1,0,0,0,2024-10-20,Presidential address,Cabinet and executive governance,Pengumuman Menteri Negara Kabinet Merah Putih,Governance & admin,Presidential address,scripted,0.723,0.723,0.0,0.0,0.0
003,Bahasa Indonesia,3739,1820,1497,408,30,3317,54.869,59.334,16,3,6,6,1,2024-10-20,Presidential address,General presidential communication,Sidang Paripurna MPR RI dalam rangka Pelantikan Presiden dan Wakil Presiden RI Terpilih Periode 2024-2029,Governance & admin,Presidential address,scripted,4.279,0.802,1.605,1.605,0.267
004,Bahasa Indonesia,1591,788,719,67,28,1507,52.289,53.371,28,6,18,4,0,2024-10-23,Cabinet/executive briefing,Cabinet and executive governance,Sidang Kabinet Paripurna,Governance & admin,Cabinet/executive briefing,scripted,17.599,3.771,11.314,2.514,0.0
005,Bahasa Indonesia,764,386,290,72,24,676,57.101,59.326,6,5,1,0,0,2024-10-25,Ceremonial / policy address,"Defence, security, law, and public order","Jamuan Santap Malam Kabinet Merah Putih di Ruang Makan Husein, Komplek Akademi Militer (Akmil)",Defence & security,Ceremonial / policy address,scripted,7.853,6.545,1.309,0.0,0.0
006,Bahasa Indonesia,201,93,88,20,6,181,51.381,54.589,3,2,1,0,0,2024-11-05,Presidential address,Cabinet and executive governance,Penandatanganan Peraturan Pemerintah (PP) Nomor 47 Tahun 2024 tentang Penghapusan Piutang Macet Kepada,Governance & admin,Presidential address,scripted,14.925,9.95,4.975,0.0,0.0
007,Bahasa Indonesia,581,323,205,40,13,528,61.174,62.478,2,2,0,0,0,2024-11-06,Diplomatic exchange / joint statement,International diplomacy and strategic partnership,"pada Kunjungan Perdana Menteri Singapura Lawrence Wong, 6 November 2024",Intl diplomacy,Diplomatic exchange / joint statement,scripted,3.442,3.442,0.0,0.0,0.0
008,Bahasa Indonesia,385,181,178,26,3,359,50.418,53.351,7,1,6,0,0,2024-11-06,Cabinet/executive briefing,Cabinet and executive governance,Sidang Kabinet Paripurna,Governance & admin,Cabinet/executive briefing,scripted,18.182,2.597,15.584,0.0,0.0
009,Bahasa Indonesia,368,166,159,40,5,325,51.077,55.676,8,7,1,0,0,2024-11-08,Presidential address,International diplomacy and strategic partnership,"Keberangkatan Kunjungan Kerja Presiden ke Beijing, Republik Rakyat Tiongkok",Intl diplomacy,Presidential address,scripted,21.739,19.022,2.717,0.0,0.0
010,English,279,99,144,36,2,243,40.741,48.043,0,0,0,0,0,2024-11-09,Diplomatic exchange / joint statement,International diplomacy and strategic partnership,Pertemuan Bilateral Presiden RI dengan Ketua Kongres Rakyat Nasional RRT,Intl diplomacy,Diplomatic exchange / joint statement,scripted,0.0,0.0,0.0,0.0,0.0
011,English,466,164,260,42,4,424,38.679,43.83,0,0,0,0,0,2024-11-09,Diplomatic exchange / joint statement,International diplomacy and strategic partnership,Pertemuan Bilateral Presiden RI dengan Perdana Menteri RRT,Intl diplomacy,Diplomatic exchange / joint statement,scripted,0.0,0.0,0.0,0.0,0.0
012,English,362,140,192,30,1,332,42.169,46.832,0,0,0,0,0,2024-11-09,Diplomatic exchange / joint statement,International diplomacy and strategic partnership,Pertemuan Bilateral Presiden RI dengan Presiden RRT,Intl diplomacy,Diplomatic exchange / joint statement,scripted,0.0,0.0,0.0,0.0,0.0
013,English,611,248,306,57,2,554,44.765,49.755,0,0,0,0,0,2024-11-10,Ceremonial / policy address,International diplomacy and strategic partnership,"Remarks of President Prabowo Subianto at Indonesia-China Business Forum, in Beijing, People’s Republic",Intl diplomacy,Ceremonial / policy address,scripted,0.0,0.0,0.0,0.0,0.0
014,Bahasa Indonesia,82,27,42,13,0,69,39.13,48.78,1,1,0,0,0,2024-11-11,Press statement / media Q&A,International diplomacy and strategic partnership,usai Pertemuan dengan Anggota Korporasi The United States – Indonesia Society (USINDO),Intl diplomacy,Press statement / media Q&A,spontaneous,12.195,12.195,0.0,0.0,0.0
015,English,118,48,64,6,0,112,42.857,45.763,0,0,0,0,0,2024-11-12,Diplomatic exchange / joint statement,International diplomacy and strategic partnership,"Pertemuan Bilateral Presiden RI dengan Presiden Amerika Serikat di White House, Washington DC, Amerika",Intl diplomacy,Diplomatic exchange / joint statement,scripted,0.0,0.0,0.0,0.0,0.0
016,Bahasa Indonesia,187,83,93,10,1,176,47.159,49.733,7,6,1,0,0,2024-11-13,Press statement / media Q&A,"Defence, security, law, and public order","usai Pertemuan dengan Menteri Pertahanan Amerika Serikat, 13 November 2024",Defence & security,Press statement / media Q&A,spontaneous,37.433,32.086,5.348,0.0,0.0
017,English,1049,475,513,61,9,988,48.077,50.662,0,0,0,0,0,2024-11-14,Ceremonial / policy address,International diplomacy and strategic partnership,"Keynote Speech Presiden Prabowo Subianto pada APEC CEO Summit Peru 2024, 14 November 2024",Intl diplomacy,Ceremonial / policy address,scripted,0.0,0.0,0.0,0.0,0.0
018,English,318,130,155,33,2,285,45.614,50.938,0,0,0,0,0,2024-11-14,Diplomatic exchange / joint statement,International diplomacy and strategic partnership,Press Statement of President Prabowo Subianto after Bilateral Meeting of President of the Republic of,Intl diplomacy,Diplomatic exchange / joint statement,scripted,0.0,0.0,0.0,0.0,0.0
019,English,150,53,89,8,1,142,37.324,40.397,0,0,0,0,0,2024-11-14,Diplomatic exchange / joint statement,International diplomacy and strategic partnership,Remarks of President Prabowo Subianto after Bilateral Meeting of President of the Republic of Indonesia,Intl diplomacy,Diplomatic exchange / joint statement,scripted,0.0,0.0,0.0,0.0,0.0
020,Bahasa Indonesia,57,25,29,3,0,54,46.296,49.123,2,2,0,0,0,2024-11-16,Press statement / media Q&A,International diplomacy and strategic partnership,"usai Leaders Retreat Konferensi Tingkat Tinggi (KTT) APEC 2024, 16 November 2024",Intl diplomacy,Press statement / media Q&A,spontaneous,35.088,35.088,0.0,0.0,0.0
021,English,1282,517,708,56,18,1225,42.204,44.111,0,0,0,0,0,2024-11-17,Ceremonial / policy address,International diplomacy and strategic partnership,"Forum Bisnis Indonesia-Brasil, 17 November 2024",Intl diplomacy,Ceremonial / policy address,scripted,0.0,0.0,0.0,0.0,0.0
022,English,433,196,226,11,5,422,46.445,47.26,0,0,0,0,0,2024-11-17,Diplomatic exchange / joint statement,International diplomacy and strategic partnership,"Sambutan Presiden Prabowo pada Pertemuan Bilateral dengan Sekretaris Jenderal (Sekjen) PBB, 17 November",Intl diplomacy,Diplomatic exchange / joint statement,scripted,0.0,0.0,0.0,0.0,0.0
023,Bahasa Indonesia,281,130,131,18,4,261,49.808,52.297,3,0,3,0,0,2024-11-17,Press statement / media Q&A,International diplomacy and strategic partnership,"usai Pertemuan Bilateral dengan Sekretaris Jenderal (Sekjen) PBB, 17 November 2024",Intl diplomacy,Press statement / media Q&A,spontaneous,10.676,0.0,10.676,0.0,0.0
024,English,420,190,204,26,8,394,48.223,50.467,0,0,0,0,0,2024-11-18,Ceremonial / policy address,International diplomacy and strategic partnership,"Sesi Pertama Konferensi Tingkat Tinggi (KTT) G20, 18 November 2024",Intl diplomacy,Ceremonial / policy address,scripted,0.0,0.0,0.0,0.0,0.0
025,English,558,271,265,22,15,536,50.56,51.134,0,0,0,0,0,2024-11-19,Ceremonial / policy address,International diplomacy and strategic partnership,"Sesi Ketiga Konferensi Tingkat Tinggi (KTT) G20, 19 November 2024",Intl diplomacy,Ceremonial / policy address,scripted,0.0,0.0,0.0,0.0,0.0
026,Bahasa Indonesia,371,144,195,26,15,339,42.478,44.737,9,4,4,1,0,2024-11-21,Press statement / media Q&A,"Economy, investment, and business",usai Menghadiri CEO Roundtable Forum,Econ & material dev,Press statement / media Q&A,spontaneous,24.259,10.782,10.782,2.695,0.0
027,Bahasa Indonesia,436,186,210,38,2,396,46.97,51.376,1,0,1,0,0,2024-11-23,Diplomatic exchange / joint statement,International diplomacy and strategic partnership,"Pertemuan Bilateral Presiden RI dengan Presiden Uni Emirat Arab di Qasr Al Want, Abu Dhabi, 23 November",Intl diplomacy,Diplomatic exchange / joint statement,scripted,2.294,0.0,2.294,0.0,0.0
028,Bahasa Indonesia,1735,812,810,91,53,1622,50.062,51.133,20,4,13,2,1,2024-11-28,Presidential address,Education and human-capital development,Puncak Peringatan Hari Guru Nasional Tahun 2024,Human capital & services,Presidential address,scripted,11.527,2.305,7.493,1.153,0.576
029,Bahasa Indonesia,1805,912,757,107,35,1669,54.643,56.267,30,13,16,1,0,2024-11-29,Presidential address,"Economy, investment, and business",Pertemuan Tahunan Bank Indonesia 2024,Econ & material dev,Presidential address,scripted,16.62,7.202,8.864,0.554,0.0
030,Bahasa Indonesia,347,196,138,7,16,334,58.683,56.863,10,4,6,0,0,2024-11-29,Presidential address,Cabinet and executive governance,terkait Pengumuman Kenaikan Upah Minimum Nasional Tahun 2025,Governance & admin,Presidential address,scripted,28.818,11.527,17.291,0.0,0.0
031,Bahasa Indonesia,1181,579,518,66,23,1097,52.78,54.384,21,7,12,2,0,2024-12-02,Cabinet/executive briefing,Cabinet and executive governance,Sidang Kabinet Paripurna,Governance & admin,Cabinet/executive briefing,scripted,17.782,5.927,10.161,1.693,0.0
032,English,315,110,158,47,8,268,41.045,48.607,0,0,0,0,0,2024-12-03,Presidential address,International diplomacy and strategic partnership,US-ASEAN Business Council (US-ABC),Intl diplomacy,Presidential address,scripted,0.0,0.0,0.0,0.0,0.0
033,Bahasa Indonesia,3520,1641,1538,293,86,3179,51.62,54.356,56,28,23,5,0,2024-12-04,Ceremonial / policy address,"Religious, cultural, and social solidarity",Pembukaan Sidang Tanwir dan Resepsi Milad ke-112 Muhammadiyah,Religious & cultural,Ceremonial / policy address,scripted,15.909,7.955,6.534,1.42,0.0
034,English,629,277,278,74,2,555,49.91,55.626,0,0,0,0,0,2024-12-10,Ceremonial / policy address,"Economy, investment, and business",Jamuan Makan Siang Bersama Japan Indonesia Association (JAPINDA) dan Japan Jakarta Club (JJC),Econ & material dev,Ceremonial / policy address,scripted,0.0,0.0,0.0,0.0,0.0
035,Bahasa Indonesia,1713,852,758,80,51,1610,52.919,53.532,12,5,6,1,0,2024-12-10,Ceremonial / policy address,Cabinet and executive governance,Penyerahan Secara Digital Daftar Isian Pelaksanaan Anggaran (DIPA) dan Buku Alokasi Transfer ke Daerah,Governance & admin,Ceremonial / policy address,scripted,7.005,2.919,3.503,0.584,0.0
036,Bahasa Indonesia,269,122,137,10,1,259,47.104,48.889,6,6,0,0,0,2024-12-10,Presidential address,"Economy, investment, and business",Rapat Koordinasi Pengendalian Inflasi Daerah,Econ & material dev,Presidential address,scripted,22.305,22.305,0.0,0.0,0.0
037,Bahasa Indonesia,213,112,99,2,1,211,53.081,53.271,9,4,4,1,0,2024-12-10,Press statement / media Q&A,"Religious, cultural, and social solidarity",terkait Pengunduran Diri Utusan Khusus Presiden Bidang Kerukunan Beragama dan Pembinaan Sarana Keagamaan,Religious & cultural,Press statement / media Q&A,spontaneous,42.254,18.779,18.779,4.695,0.0
038,Bahasa Indonesia,183,99,74,9,1,173,57.225,59.016,2,2,0,0,0,2024-12-11,Ceremonial / policy address,"Infrastructure, energy, and natural resources",Peresmian Flyover Madukoro,Econ & material dev,Ceremonial / policy address,scripted,10.929,10.929,0.0,0.0,0.0
039,Bahasa Indonesia,699,365,213,114,8,578,63.149,68.429,4,0,4,0,0,2024-12-12,Ceremonial / policy address,"Infrastructure, energy, and natural resources",Peresmian Terowongan Silaturahim Masjid Istiqlal-Gereja Katedral,Econ & material dev,Ceremonial / policy address,scripted,5.722,0.0,5.722,0.0,0.0
040,English,183,81,92,10,0,173,46.821,49.727,0,0,0,0,0,2024-12-12,Press statement / media Q&A,"Religious, cultural, and social solidarity",the Inauguration of the Silaturahim Tunnel Connecting Istiqlal Mosque and Cathedral in Jakarta December,Religious & cultural,Press statement / media Q&A,spontaneous,0.0,0.0,0.0,0.0,0.0
041,Bahasa Indonesia,152,76,67,7,2,143,53.147,54.605,3,3,0,0,0,2024-12-12,Press statement / media Q&A,"Infrastructure, energy, and natural resources",usai Peresmian Terowongan Silaturahim Masjid Istiqlal-Gereja Katedral,Econ & material dev,Press statement / media Q&A,spontaneous,19.737,19.737,0.0,0.0,0.0
042,Bahasa Indonesia,157,88,57,12,2,145,60.69,62.893,5,1,4,0,0,2024-12-16,Cabinet/executive briefing,Cabinet and executive governance,Rapat Terbatas terkait Persiapan Natal 2024 dan Tahun Baru 2025,Governance & admin,Cabinet/executive briefing,scripted,31.847,6.369,25.478,0.0,0.0
043,Bahasa Indonesia,292,128,113,47,16,241,53.112,57.566,5,4,1,0,0,2024-12-17,Presidential address,International diplomacy and strategic partnership,"sebelum Keberangkatan Kunjungan Kerja ke Kairo, Mesir",Intl diplomacy,Presidential address,scripted,17.123,13.699,3.425,0.0,0.0
044,English,679,297,306,76,2,603,49.254,54.772,0,0,0,0,0,2024-12-18,Diplomatic exchange / joint statement,International diplomacy and strategic partnership,"Bilateral Meeting with President of the Republic of Egypt during State Visit to Egypt, at the Al",Intl diplomacy,Diplomatic exchange / joint statement,scripted,0.0,0.0,0.0,0.0,0.0
045,English,218,98,110,10,4,208,47.115,48.649,0,0,0,0,0,2024-12-18,Press statement / media Q&A,International diplomacy and strategic partnership,"Bilateral Meeting with Prime Minister of Pakistan at St. Regis Hotel New Capital, Cairo, Egypt, December",Intl diplomacy,Press statement / media Q&A,spontaneous,0.0,0.0,0.0,0.0,0.0
046,Bahasa Indonesia,2286,1054,1029,177,36,2083,50.6,53.615,22,12,10,0,0,2024-12-18,Presidential address,Education and human-capital development,Pertemuan dengan Mahasiswa Indonesia di Universitas Al-Azhar Kairo,Human capital & services,Presidential address,scripted,9.624,5.249,4.374,0.0,0.0
047,English,2434,959,1256,218,12,2215,43.296,48.139,0,0,0,0,0,2024-12-18,Presidential address,Education and human-capital development,"the Meeting with Indonesian Students at Al-Azhar University, Cairo, at the Al-Azhar Convention Center",Human capital & services,Presidential address,scripted,0.0,0.0,0.0,0.0,0.0
048,Bahasa Indonesia,199,98,91,10,4,189,51.852,53.202,9,4,4,1,0,2024-12-18,Press statement / media Q&A,International diplomacy and strategic partnership,usai Pertemuan Bilateral dengan Perdana Menteri Pakistan,Intl diplomacy,Press statement / media Q&A,spontaneous,45.226,20.101,20.101,5.025,0.0
049,Bahasa Indonesia,706,292,325,84,7,617,47.326,53.107,5,1,3,1,0,2024-12-18,Diplomatic exchange / joint statement,International diplomacy and strategic partnership,usai Pertemuan Bilateral Presiden RI dan Presiden Republik Arab Mesir dalam Kunjungan Kenegaraan,Intl diplomacy,Diplomatic exchange / joint statement,scripted,7.082,1.416,4.249,1.416,0.0
050,English,652,281,299,72,24,580,48.448,52.219,0,0,0,0,0,2024-12-19,Ceremonial / policy address,International diplomacy and strategic partnership,"D-8 Summit at the Presidential Palace, New Administrative Capital, Cairo, Egypt, December 19, 2024",Intl diplomacy,Ceremonial / policy address,scripted,0.0,0.0,0.0,0.0,0.0
051,English,652,281,299,72,24,580,48.448,52.219,0,0,0,0,0,2024-12-19,Ceremonial / policy address,International diplomacy and strategic partnership,Konferensi Tingkat Tinggi (KTT) D-8,Intl diplomacy,Ceremonial / policy address,scripted,0.0,0.0,0.0,0.0,0.0
052,English,371,133,209,29,1,342,38.889,43.548,0,0,0,0,0,2024-12-19,Ceremonial / policy address,International diplomacy and strategic partnership,Sesi Khusus Konferensi Tingkat Tinggi (KTT) D-8,Intl diplomacy,Ceremonial / policy address,scripted,0.0,0.0,0.0,0.0,0.0
053,English,371,133,209,29,1,342,38.889,43.548,0,0,0,0,0,2024-12-19,Ceremonial / policy address,International diplomacy and strategic partnership,"the Special Session of D-8 Summit at the Presidential Palace, New Administrative Capital, Cairo, Egypt",Intl diplomacy,Ceremonial / policy address,scripted,0.0,0.0,0.0,0.0,0.0
054,English,105,37,40,28,1,77,48.052,61.321,0,0,0,0,0,2024-12-25,Public greeting / condolence,"Religious, cultural, and social solidarity","Christmas 2024 and New Year 2025, in Hambalang, Bogor Regency, West Java Province, December 25, 2024",Religious & cultural,Ceremonial / policy address,scripted,0.0,0.0,0.0,0.0,0.0
055,Bahasa Indonesia,105,53,29,23,1,82,64.634,71.698,0,0,0,0,0,2024-12-25,Public greeting / condolence,"Religious, cultural, and social solidarity",Hari Raya Natal 2024 dan Tahun Baru 2025,Religious & cultural,Ceremonial / policy address,scripted,0.0,0.0,0.0,0.0,0.0
056,Bahasa Indonesia,1595,753,667,162,18,1420,53.028,57.188,20,4,10,5,1,2024-12-28,Presidential address,"Religious, cultural, and social solidarity",Perayaan Natal Nasional Tahun 2024,Religious & cultural,Presidential address,scripted,12.539,2.508,6.27,3.135,0.627
057,Bahasa Indonesia,2357,1203,1010,112,54,2213,54.361,55.275,39,11,12,12,4,2024-12-30,Presidential address,"Economy, investment, and business",Musyawarah Perencanaan Pembangunan Nasional (Musrenbangnas) RPJMN Tahun 2025-2029,Econ & material dev,Presidential address,scripted,16.546,4.667,5.091,5.091,1.697
058,Bahasa Indonesia,757,410,292,37,53,702,58.405,56.439,10,7,1,2,0,2024-12-31,Presidential address,Cabinet and executive governance,terkait Pengumuman Kenaikan PPN 12 Persen Berlaku Hanya untuk Barang dan Jasa Mewah,Governance & admin,Presidential address,scripted,13.21,9.247,1.321,2.642,0.0
059,Bahasa Indonesia,383,183,178,18,6,361,50.693,52.208,5,3,1,1,0,2025-01-15,Press statement / media Q&A,International diplomacy and strategic partnership,Kunjungan Resmi Perdana Menteri Jepang Ishiba Shigeru,Intl diplomacy,Press statement / media Q&A,spontaneous,13.055,7.833,2.611,2.611,0.0
060,Bahasa Indonesia,1105,564,449,73,20,1013,55.676,57.595,28,16,7,5,0,2025-01-17,Presidential address,"Economy, investment, and business",Musyawarah Nasional Konsolidasi Persatuan Kadin Indonesia,Econ & material dev,Presidential address,scripted,25.339,14.48,6.335,4.525,0.0
061,Bahasa Indonesia,89,42,46,1,1,88,47.727,47.778,2,1,0,1,0,2025-01-17,Press statement / media Q&A,"Economy, investment, and business",pada Musyawarah Nasional Konsolidasi Persatuan Kadin Indonesia,Econ & material dev,Press statement / media Q&A,spontaneous,22.472,11.236,0.0,11.236,0.0
062,Bahasa Indonesia,923,474,363,66,46,837,56.631,56.902,20,10,10,0,0,2025-01-23,Ceremonial / policy address,"Infrastructure, energy, and natural resources",Peresmian Proyek Strategis Ketenagalistrikan di 18 Provinsi,Econ & material dev,Ceremonial / policy address,scripted,21.668,10.834,10.834,0.0,0.0
063,Bahasa Indonesia,1891,931,849,80,58,1780,52.303,52.711,25,14,11,0,0,2025-01-23,Cabinet/executive briefing,Cabinet and executive governance,Sidang Kabinet Paripurna,Governance & admin,Cabinet/executive briefing,scripted,13.221,7.403,5.817,0.0,0.0
064,Bahasa Indonesia,645,290,326,22,14,616,47.078,47.853,10,4,2,2,2,2025-01-23,Press statement / media Q&A,"Infrastructure, energy, and natural resources",usai Peresmian Proyek Strategis Ketenagalistrikan di 18 Provinsi,Econ & material dev,Press statement / media Q&A,spontaneous,15.504,6.202,3.101,3.101,3.101
065,Bahasa Indonesia,513,253,197,61,9,450,56.222,60.385,7,3,4,0,0,2025-01-24,Presidential address,International diplomacy and strategic partnership,"sebelum Keberangkatan Kunjungan Kerja ke New Delhi, India",Intl diplomacy,Presidential address,scripted,13.645,5.848,7.797,0.0,0.0
066,Bahasa Indonesia,304,165,108,30,2,273,60.44,63.934,1,1,0,0,0,2025-02-10,Presidential address,"Religious, cultural, and social solidarity",Hari Pers Nasional Ke-79 tahun 2025 dari Presiden Prabowo Subianto,Religious & cultural,Presidential address,scripted,3.289,3.289,0.0,0.0,0.0
067,Bahasa Indonesia,545,265,191,81,12,456,58.114,63.024,5,2,2,1,0,2025-02-10,Presidential address,"Defence, security, law, and public order",Komandan Satuan TNI,Defence & security,Presidential address,scripted,9.174,3.67,3.67,1.835,0.0
068,Bahasa Indonesia,1439,671,593,169,11,1264,53.085,58.172,20,7,11,1,1,2025-02-10,Presidential address,"Religious, cultural, and social solidarity",Peringatan Hari Lahir ke-102 Nahdlatul Ulama,Religious & cultural,Presidential address,scripted,13.899,4.864,7.644,0.695,0.695
069,Bahasa Indonesia,273,151,92,28,10,243,62.14,63.701,3,1,2,0,0,2025-02-10,Presidential address,"Defence, security, law, and public order",Sidang Perdana Dewan Pertahanan Nasional,Defence & security,Presidential address,scripted,10.989,3.663,7.326,0.0,0.0
070,Bahasa Indonesia,133,68,37,27,2,105,64.762,70.896,0,0,0,0,0,2025-02-10,Public greeting / condolence,"Religious, cultural, and social solidarity",Tahun Baru Imlek 2576,Religious & cultural,Ceremonial / policy address,scripted,0.0,0.0,0.0,0.0,0.0
071,Bahasa Indonesia,1084,593,366,90,38,959,61.835,62.833,13,6,2,3,2,2025-02-18,Presidential address,"Economy, investment, and business",tentang Penetapan PP Nomor 8 Tahun 2025 yang Mengatur Kewajiban Penyimpanan Devisa Hasil Ekspor SDA di,Econ & material dev,Presidential address,scripted,11.993,5.535,1.845,2.768,1.845
072,Bahasa Indonesia,1084,524,409,136,33,933,56.163,59.891,11,6,2,3,0,2025-02-27,Ceremonial / policy address,"Economy, investment, and business","Peresmian Layanan Bank Emas Pegadaian dan Bank Syariah Indonesia Di The Gade Tower, Jakarta",Econ & material dev,Ceremonial / policy address,scripted,10.148,5.535,1.845,2.768,0.0
073,Bahasa Indonesia,311,162,119,29,2,281,57.651,61.218,5,3,2,0,0,2025-02-28,Presidential address,"Religious, cultural, and social solidarity",Jelang Ramadan 1446 H,Religious & cultural,Presidential address,scripted,16.077,9.646,6.431,0.0,0.0
074,English,1139,616,391,132,0,1007,61.172,65.672,0,0,0,0,0,2025-03-08,Presidential address,"Economy, investment, and business",Pertemuan dengan Investor Global Ray Dalio,Econ & material dev,Presidential address,scripted,0.0,0.0,0.0,0.0,0.0
075,Bahasa Indonesia,398,190,159,44,10,349,54.441,58.065,0,0,0,0,0,2025-03-11,Presidential address,"Economy, investment, and business",Mengenai Bonus Hari Raya kepada Pengemudi Online,Econ & material dev,Presidential address,scripted,0.0,0.0,0.0,0.0,0.0
076,Bahasa Indonesia,581,292,237,44,15,529,55.198,57.143,6,2,2,1,1,2025-03-11,Presidential address,International diplomacy and strategic partnership,Sekretaris Jenderal Partai Komunis Viet Nam,Intl diplomacy,Presidential address,scripted,10.327,3.442,3.442,1.721,1.721
077,Bahasa Indonesia,366,203,117,41,27,320,63.438,62.887,0,0,0,0,0,2025-03-12,Presidential address,Cabinet and executive governance,"Mengenai THR dan Gaji 13 Bagi ASN, PPPK, Hakim, TNI Polri, dan Pensiunan Tahun 2025",Governance & admin,Presidential address,scripted,0.0,0.0,0.0,0.0,0.0
078,Bahasa Indonesia,1028,473,460,88,44,933,50.697,52.676,22,7,15,0,0,2025-03-18,Ceremonial / policy address,"Economy, investment, and business","Peresmian Pabrik Pemurnian Logam Mulia PT Freeport Indonesia, Gresik",Econ & material dev,Ceremonial / policy address,scripted,21.401,6.809,14.591,0.0,0.0
079,Bahasa Indonesia,97,46,47,3,1,93,49.462,50.515,0,0,0,0,0,2025-03-18,Press statement / media Q&A,"Economy, investment, and business","Setelah Peresmian Pabrik Pemurnian Logam Mulia PT Freeport Indonesia, Gresik",Econ & material dev,Press statement / media Q&A,spontaneous,0.0,0.0,0.0,0.0,0.0
080,Bahasa Indonesia,1025,481,411,125,13,892,53.924,58.835,4,0,3,0,1,2025-03-21,Ceremonial / policy address,"Economy, investment, and business",Peresmian Kawasan Ekonomi Khusus (KEK) Industropolis Batang,Econ & material dev,Ceremonial / policy address,scripted,3.902,0.0,2.927,0.0,0.976
081,Bahasa Indonesia,220,104,107,5,7,211,49.289,48.879,8,4,3,0,1,2025-03-21,Press statement / media Q&A,"Economy, investment, and business",Setelah Peresmian Kawasan Ekonomi Khusus (KEK) Industropolis Batang,Econ & material dev,Press statement / media Q&A,spontaneous,36.364,18.182,13.636,0.0,4.545
082,Bahasa Indonesia,2225,1066,1030,96,78,2096,50.859,51.189,37,12,19,6,0,2025-03-25,Cabinet/executive briefing,Cabinet and executive governance,Sidang Kabinet Paripurna Mengenai Persiapan Menjelang Hari Raya Idulfitri 1446 H,Governance & admin,Cabinet/executive briefing,scripted,16.629,5.393,8.539,2.697,0.0
083,Bahasa Indonesia,363,161,164,35,8,325,49.538,53.261,2,1,1,0,0,2025-03-26,Presidential address,"Economy, investment, and business",Presiden New Development Bank (NDB),Econ & material dev,Presidential address,scripted,5.51,2.755,2.755,0.0,0.0
084,Bahasa Indonesia,58,27,28,3,0,55,49.091,51.724,3,1,0,0,2,2025-03-26,Press statement / media Q&A,"Sport, youth, and national morale",Setelah Menyaksikan Secara Langsung Pertandingan Antara Timnas Sepak Bola Indonesia dan Timnas Sepak,Human capital & services,Press statement / media Q&A,spontaneous,51.724,17.241,0.0,0.0,34.483
085,Bahasa Indonesia,55,21,32,2,0,53,39.623,41.818,5,3,2,0,0,2025-04-04,Press statement / media Q&A,"Religious, cultural, and social solidarity",Setelah Melayat Mendiang Uskup Emeritus Keuskupan Agung Kupang Monsinyur (Mgr) Petrus Turang di Gereja,Religious & cultural,Press statement / media Q&A,spontaneous,90.909,54.545,36.364,0.0,0.0
086,Bahasa Indonesia,725,300,352,68,7,652,46.012,50.619,7,5,2,0,0,2025-04-09,Presidential address,International diplomacy and strategic partnership,Menjelang Keberangkatan ke Timur Tengah dan Turkiye,Intl diplomacy,Presidential address,scripted,9.655,6.897,2.759,0.0,0.0
087,Bahasa Indonesia,74,31,41,2,0,72,43.056,44.595,3,1,2,0,0,2025-04-09,Press statement / media Q&A,International diplomacy and strategic partnership,Sebelum Keberangkatan Menuju Bandar Udara Presidential Flight Abu Dhabi,Intl diplomacy,Press statement / media Q&A,spontaneous,40.541,13.514,27.027,0.0,0.0
088,Bahasa Indonesia,635,316,260,52,9,576,54.861,57.771,2,0,1,1,0,2025-04-11,Presidential address,International diplomacy and strategic partnership,Presiden Republik Turkiye,Intl diplomacy,Presidential address,scripted,3.15,0.0,1.575,1.575,0.0
089,Bahasa Indonesia,57,22,31,4,0,53,41.509,45.614,2,1,1,0,0,2025-04-11,Presidential address,International diplomacy and strategic partnership,Sebelum Bertolak Menuju Antalya,Intl diplomacy,Presidential address,scripted,35.088,17.544,17.544,0.0,0.0
090,Bahasa Indonesia,120,58,59,2,1,117,49.573,50.0,5,1,4,0,0,2025-04-15,Press statement / media Q&A,International diplomacy and strategic partnership,"Setelah Pertemuan dengan Raja Abdullah II, Amman, Yordania Senin, 14 April 2025",Intl diplomacy,Press statement / media Q&A,spontaneous,41.667,8.333,33.333,0.0,0.0
091,Bahasa Indonesia,120,65,32,23,0,97,67.01,73.333,0,0,0,0,0,2025-04-22,Presidential address,"Religious, cultural, and social solidarity",Wafatnya Sri Paus Fransiskus,Religious & cultural,Presidential address,scripted,0.0,0.0,0.0,0.0,0.0
092,Bahasa Indonesia,2641,1306,1112,182,72,2418,54.012,55.689,21,6,11,3,1,2025-04-23,Presidential address,"Food security, agriculture, and rural development",Peluncuran Gerakan Indonesia Menanam (Gerina),Econ & material dev,Presidential address,scripted,7.952,2.272,4.165,1.136,0.379
093,Bahasa Indonesia,214,124,81,5,8,205,60.488,59.174,2,1,1,0,0,2025-04-25,Press statement / media Q&A,"Food security, agriculture, and rural development",Setelah Peluncuran Program Gerakan Indonesia Menanam,Econ & material dev,Press statement / media Q&A,spontaneous,9.346,4.673,4.673,0.0,0.0
094,Bahasa Indonesia,214,97,110,6,2,207,46.86,47.907,3,1,2,0,0,2025-04-29,Press statement / media Q&A,"Economy, investment, and business","Setelah Town Hall Danantara Indonesia 2025 di Jakarta Convention Center (JCC), Provinsi DKI Jakarta",Econ & material dev,Press statement / media Q&A,spontaneous,14.019,4.673,9.346,0.0,0.0
095,Bahasa Indonesia,1503,756,613,126,16,1369,55.223,58.372,8,4,2,2,0,2025-05-01,Presidential address,"Economy, investment, and business","Peringatan Hari Buruh Internasional di Monumen Nasional, Kota Administrasi Jakarta Pusat, Provinsi DKI",Econ & material dev,Presidential address,scripted,5.323,2.661,1.331,1.331,0.0
096,Bahasa Indonesia,715,326,272,109,17,598,54.515,60.083,14,4,9,0,1,2025-05-04,Ceremonial / policy address,Health and public service,Peresmian Terminal Khusus Haji dan Umrah 2F Bandar Udara Internasional Soekarno-Hatta di Bandar Udara,Human capital & services,Ceremonial / policy address,scripted,19.58,5.594,12.587,0.0,1.399
097,Bahasa Indonesia,146,68,67,10,1,135,50.37,53.425,3,2,1,0,0,2025-05-04,Press statement / media Q&A,Health and public service,Setelah Peresmian Terminal Khusus Haji dan Umrah 2F Bandar Udara Internasional Soekarno-Hatta di Bandar,Human capital & services,Press statement / media Q&A,spontaneous,20.548,13.699,6.849,0.0,0.0
098,Bahasa Indonesia,5278,2437,2446,268,236,4883,49.908,50.213,58,18,27,11,2,2025-05-05,Cabinet/executive briefing,Cabinet and executive governance,Sidang Kabinet Paripurna mengenai Evaluasi Semester Pertama Pemerintahan,Governance & admin,Cabinet/executive briefing,scripted,10.989,3.41,5.116,2.084,0.379
099,Bahasa Indonesia,2640,1238,1117,270,50,2355,52.569,56.374,22,6,12,3,1,2025-05-08,Presidential address,"Defence, security, law, and public order",Halal Bihalal Presiden RI Bersama Purnawirawan TNI AD dan Keluarga Besar TNI-Polri di Balai Kartini,Defence & security,Presidential address,scripted,8.333,2.273,4.545,1.136,0.379
100,Bahasa Indonesia,496,204,240,37,29,444,45.946,47.255,4,2,2,0,0,2025-05-09,Presidential address,Health and public service,Pertemuan Bill Gates dengan Filantropis Indonesia,Human capital & services,Presidential address,scripted,8.065,4.032,4.032,0.0,0.0
101,Bahasa Indonesia,363,196,136,29,3,332,59.036,61.813,3,2,1,0,0,2025-05-14,Presidential address,"Defence, security, law, and public order",Pelepasan Jenazah Almarhum Mayor Jenderal TNI (Purn.) Eddie Mardjoeki Nalapraya di Padepokan Pencak,Defence & security,Presidential address,scripted,8.264,5.51,2.755,0.0,0.0
102,Bahasa Indonesia,313,127,138,40,9,265,47.925,53.185,3,0,3,0,0,2025-05-15,Ceremonial / policy address,International diplomacy and strategic partnership,Penganugerahan Bintang Kebesaran Negara Brunei Darussalam “Darjah Kerabat Laila Utama Yang Amat,Intl diplomacy,Ceremonial / policy address,scripted,9.585,0.0,9.585,0.0,0.0
103,English,738,671,0,66,3,671,100.0,99.595,0,0,0,0,0,2025-05-19,Press statement / media Q&A,International diplomacy and strategic partnership,Perdana Menteri Australia,Intl diplomacy,Press statement / media Q&A,spontaneous,0.0,0.0,0.0,0.0,0.0
104,Bahasa Indonesia,1453,708,564,180,9,1272,55.66,60.78,6,2,2,2,0,2025-05-19,Ceremonial / policy address,International diplomacy and strategic partnership,Peresmian Pembukaan the 19th Session of Parliamentary Union of the OIC Member States (PUIC) Conference,Intl diplomacy,Ceremonial / policy address,scripted,4.129,1.376,1.376,1.376,0.0
105,Bahasa Indonesia,688,358,248,72,13,606,59.076,62.229,2,0,2,0,0,2025-05-19,Ceremonial / policy address,"Infrastructure, energy, and natural resources",Peresmian Produksi Perdana Lapangan Minyak Forel dan Terubuk (secara hybrid),Econ & material dev,Ceremonial / policy address,scripted,2.907,0.0,2.907,0.0,0.0
106,Bahasa Indonesia,679,347,260,69,6,607,57.166,60.997,2,0,2,0,0,2025-05-20,Diplomatic exchange / joint statement,International diplomacy and strategic partnership,"Perdana Menteri Thailand di Government House, Bangkok,Thailand Senin, 19 Mei 2025",Intl diplomacy,Diplomatic exchange / joint statement,scripted,2.946,0.0,2.946,0.0,0.0
107,Bahasa Indonesia,1121,575,424,112,17,999,57.558,60.904,6,1,5,0,0,2025-05-22,Ceremonial / policy address,"Economy, investment, and business",Peresmian Pembukaan Konvensi dan Pameran Ke-49 Indonesian Petroleum Association (IPA) Tahun 2025 di ICE,Econ & material dev,Ceremonial / policy address,scripted,5.352,0.892,4.46,0.0,0.0
108,Bahasa Indonesia,115,49,53,9,8,102,48.039,48.739,4,3,1,0,0,2025-05-22,Press statement / media Q&A,"Economy, investment, and business",Setelah Pembukaan Konvensi dan Pameran Ke-49 Indonesian Petroleum Association (IPA CONVEX) Tahun 2025 di,Econ & material dev,Press statement / media Q&A,spontaneous,34.783,26.087,8.696,0.0,0.0
109,Bahasa Indonesia,1079,507,413,149,11,920,55.109,60.741,8,5,1,2,0,2025-05-26,Presidential address,International diplomacy and strategic partnership,Indonesia-China Business Reception 2025,Intl diplomacy,Presidential address,scripted,7.414,4.634,0.927,1.854,0.0
110,Bahasa Indonesia,177,78,74,22,5,152,51.316,55.866,1,0,1,0,0,2025-05-26,Press statement / media Q&A,International diplomacy and strategic partnership,Premier Republik Rakyat Tiongkok (RRT) pada Pertemuan Bilateral Pemerintah RI dan Pemerintah RRT,Intl diplomacy,Press statement / media Q&A,spontaneous,5.65,0.0,5.65,0.0,0.0
111,Bahasa Indonesia,889,422,356,104,14,778,54.242,58.705,3,1,2,0,0,2025-05-28,Press statement / media Q&A,International diplomacy and strategic partnership,Presiden Republik Prancis,Intl diplomacy,Press statement / media Q&A,spontaneous,3.375,1.125,2.25,0.0,0.0
112,Bahasa Indonesia,147,75,62,7,4,137,54.745,55.405,0,0,0,0,0,2025-05-28,Press statement / media Q&A,International diplomacy and strategic partnership,Presiden Republik Prancis pada Pertemuan Bilateral Pemerintah Republik Indonesia dan Pemerintah Republik,Intl diplomacy,Press statement / media Q&A,spontaneous,0.0,0.0,0.0,0.0,0.0
113,English,48,19,28,1,0,47,40.426,41.667,0,0,0,0,0,2025-05-28,Press statement / media Q&A,International diplomacy and strategic partnership,Presiden Republik Prancis pada Tete-a-tete Meeting,Intl diplomacy,Press statement / media Q&A,spontaneous,0.0,0.0,0.0,0.0,0.0
114,Bahasa Indonesia,200,102,79,17,2,181,56.354,59.5,2,2,0,0,0,2025-05-29,Press statement / media Q&A,International diplomacy and strategic partnership,Presiden Republik Prancis pada Acara Kunjungan ke Candi Borobudur,Intl diplomacy,Press statement / media Q&A,spontaneous,10.0,10.0,0.0,0.0,0.0
115,Bahasa Indonesia,211,104,82,23,3,186,55.914,59.906,1,0,1,0,0,2025-05-29,Press statement / media Q&A,International diplomacy and strategic partnership,Sambutan Presiden Republik Indonesia dan Presiden Republik Prancis pada Jamuan Makan Malam Kenegaraan,Intl diplomacy,Press statement / media Q&A,spontaneous,4.739,0.0,4.739,0.0,0.0
116,English,80,33,44,3,0,77,42.857,45.0,0,0,0,0,0,2025-05-30,Press statement / media Q&A,International diplomacy and strategic partnership,"Pertemuan dengan Utusan Khusus Perdana Menteri Inggris Urusan Pendidikan, Duta Besar Inggris untuk",Intl diplomacy,Press statement / media Q&A,spontaneous,0.0,0.0,0.0,0.0,0.0
117,Bahasa Indonesia,1717,843,768,96,26,1611,52.328,54.183,23,7,15,0,1,2025-06-05,Presidential address,"Economy, investment, and business",Panen Raya Jagung Serentak Kuartal II dan Pelepasan Ekspor Jagung,Econ & material dev,Presidential address,scripted,13.395,4.077,8.736,0.0,0.582
118,Bahasa Indonesia,135,70,60,1,8,130,53.846,51.079,4,0,3,1,0,2025-06-05,Press statement / media Q&A,"Economy, investment, and business",Setelah Panen Raya Jagung Serentak Kuartal II dan Pelepasan Ekspor Jagung,Econ & material dev,Press statement / media Q&A,spontaneous,29.63,0.0,22.222,7.407,0.0
119,Bahasa Indonesia,33,16,15,2,0,31,51.613,54.545,3,2,0,0,1,2025-06-06,Press statement / media Q&A,"Sport, youth, and national morale",Setelah Menyaksikan Pertandingan Laga Lanjutan Putaran Ketiga Kualifikasi Piala Dunia 2026 Indonesia VS,Human capital & services,Press statement / media Q&A,spontaneous,90.909,60.606,0.0,0.0,30.303
120,Bahasa Indonesia,1478,750,592,106,41,1342,55.887,57.488,13,8,3,2,0,2025-06-12,Presidential address,Education and human-capital development,"Pengukuhan Hakim Mahkamah Agung Republik Indonesia di Mahkamah Agung, Provinsi DKI Jakarta Kamis, 12",Human capital & services,Presidential address,scripted,8.796,5.413,2.03,1.353,0.0
121,Bahasa Indonesia,899,435,385,71,12,820,53.049,56.035,7,6,1,0,0,2025-06-12,Ceremonial / policy address,Education and human-capital development,"Peresmian Kampus Bhinneka Tunggal Ika Universitas Pertahanan di Universitas Pertahanan, Kabupaten Bogor",Human capital & services,Ceremonial / policy address,scripted,7.786,6.674,1.112,0.0,0.0
122,Bahasa Indonesia,1081,498,466,106,17,964,51.66,55.566,6,2,4,0,0,2025-06-12,Ceremonial / policy address,"Defence, security, law, and public order","Peresmian Pembukaan Indo Defence 2025 Expo & Forum di Indo Defence Arena, JI-Expo Kemayoran, Provinsi",Defence & security,Ceremonial / policy address,scripted,5.55,1.85,3.7,0.0,0.0
123,Bahasa Indonesia,2462,1158,1131,144,58,2289,50.59,52.268,28,14,10,4,0,2025-06-13,Ceremonial / policy address,"Infrastructure, energy, and natural resources","Peresmian Penutupan Konferensi Internasional Infrastruktur di Jakarta Convention Center, Kota",Econ & material dev,Ceremonial / policy address,scripted,11.373,5.686,4.062,1.625,0.0
124,English,620,232,332,56,3,564,41.135,46.228,0,0,0,0,0,2025-06-16,Ceremonial / policy address,International diplomacy and strategic partnership,"Jamuan Santap Siang Kenegaraan di Raffles Hotel, Singapura Senin, 16 Juni 2025",Intl diplomacy,Ceremonial / policy address,scripted,0.0,0.0,0.0,0.0,0.0
125,English,1179,523,580,76,1,1103,47.416,50.763,0,0,0,0,0,2025-06-16,Diplomatic exchange / joint statement,International diplomacy and strategic partnership,"Perdana Menteri Singapura di Parliament House, Singapura Senin, 16 Juni 2025",Intl diplomacy,Diplomatic exchange / joint statement,scripted,0.0,0.0,0.0,0.0,0.0
126,Bahasa Indonesia,468,193,213,54,11,406,47.537,52.442,0,0,0,0,0,2025-06-20,Diplomatic exchange / joint statement,International diplomacy and strategic partnership,Presiden Federasi Rusia pada Kunjungan Resmi Presiden RI ke St. Petersburg,Intl diplomacy,Diplomatic exchange / joint statement,scripted,0.0,0.0,0.0,0.0,0.0
127,Bahasa Indonesia,225,95,107,17,6,202,47.03,49.778,3,1,2,0,0,2025-06-20,Diplomatic exchange / joint statement,International diplomacy and strategic partnership,Presiden Federasi Rusia pada Pertemuan Tete-a-Tete,Intl diplomacy,Diplomatic exchange / joint statement,scripted,13.333,4.444,8.889,0.0,0.0
128,English,1830,767,957,106,18,1724,44.49,47.24,0,0,0,0,0,2025-06-25,Ceremonial / policy address,"Economy, investment, and business",St. Petersburg International Economic Forum (SPIEF ’25) di ExpoForum Convention and Exhibition Centre,Econ & material dev,Ceremonial / policy address,scripted,0.0,0.0,0.0,0.0,0.0
129,Bahasa Indonesia,1255,588,557,102,10,1145,51.354,54.893,14,7,7,0,0,2025-06-26,Ceremonial / policy address,"Economy, investment, and business",Peresmian Kawasan Ekonomi Khusus (KEK) Sanur dan Bali International Hospital,Econ & material dev,Ceremonial / policy address,scripted,11.155,5.578,5.578,0.0,0.0
130,Bahasa Indonesia,260,111,114,34,1,225,49.333,55.769,5,3,2,0,0,2025-06-26,Ceremonial / policy address,Health and public service,"Peresmian Ngoerah Sun Wellness and Aesthetic Center (NSWAC) di RSUP Prof. dr. I.G.N.G Ngoerah, Kota",Human capital & services,Ceremonial / policy address,scripted,19.231,11.538,7.692,0.0,0.0
131,Bahasa Indonesia,2025,927,876,207,26,1803,51.414,55.697,15,4,6,3,2,2025-06-26,Ceremonial / policy address,"Infrastructure, energy, and natural resources","Peresmian Pengoperasian dan Pembangunan Energi Terbarukan di 15 Provinsi, Peningkatan Produksi Minyak 30",Econ & material dev,Ceremonial / policy address,scripted,7.407,1.975,2.963,1.481,0.988
132,Bahasa Indonesia,1090,551,406,131,16,957,57.576,61.775,2,1,1,0,0,2025-07-01,Ceremonial / policy address,"Defence, security, law, and public order","Upacara Peringatan ke-79 Hari Bhayangkara di Pelataran Merdeka, Monas, Provinsi DKI Jakarta Selasa, 1",Defence & security,Ceremonial / policy address,scripted,1.835,0.917,0.917,0.0,0.0
133,English,1050,431,539,80,12,970,44.433,48.117,0,0,0,0,0,2025-07-10,Diplomatic exchange / joint statement,International diplomacy and strategic partnership,Presiden Brasil,Intl diplomacy,Diplomatic exchange / joint statement,scripted,0.0,0.0,0.0,0.0,0.0
134,English,547,227,292,28,4,519,43.738,46.279,0,0,0,0,0,2025-07-13,Diplomatic exchange / joint statement,International diplomacy and strategic partnership,Pertemuan Bilateral dengan Presiden Dewan Eropa,Intl diplomacy,Diplomatic exchange / joint statement,scripted,0.0,0.0,0.0,0.0,0.0
135,English,432,160,235,37,1,395,40.506,45.497,0,0,0,0,0,2025-07-13,Diplomatic exchange / joint statement,International diplomacy and strategic partnership,"Presiden Komisi Eropa di Brussel, Belgia Minggu, 13 Juli 2025",Intl diplomacy,Diplomatic exchange / joint statement,scripted,0.0,0.0,0.0,0.0,0.0
136,Bahasa Indonesia,718,281,364,66,12,645,43.566,47.994,7,3,4,0,0,2025-07-17,Press statement / media Q&A,International diplomacy and strategic partnership,Setelah Melaksanakan Kunjungan Kerja ke Sejumlah Negara,Intl diplomacy,Press statement / media Q&A,spontaneous,9.749,4.178,5.571,0.0,0.0
137,Bahasa Indonesia,480,174,255,49,3,429,40.559,46.362,5,3,2,0,0,2025-07-20,Press statement / media Q&A,General presidential communication,"Setelah Kunjungan ke Kediaman Presiden ke-7 Republik Indonesia di Kelurahan Sumber, Kota Surakarta",Governance & admin,Press statement / media Q&A,spontaneous,10.417,6.25,4.167,0.0,0.0
138,Bahasa Indonesia,153,73,61,14,5,134,54.478,56.863,3,3,0,0,0,2025-07-29,Press statement / media Q&A,International diplomacy and strategic partnership,Perdana Menteri Malaysia Anwar Ibrahim dalam Pertemuan Tete-a-Tete,Intl diplomacy,Press statement / media Q&A,spontaneous,19.608,19.608,0.0,0.0,0.0
139,Bahasa Indonesia,3456,1965,1112,292,186,3077,63.861,63.488,6,1,2,1,2,2025-08-15,Presidential address,"Economy, investment, and business",Penyampaian Keterangan Pemerintah Atas Rancangan Undang-Undang Tentang Anggaran Pendapatan Dan Belanja,Econ & material dev,Presidential address,scripted,1.736,0.289,0.579,0.289,0.579
140,Bahasa Indonesia,2387,1395,815,160,69,2210,63.122,63.756,3,0,1,2,0,2025-08-15,Presidential address,General presidential communication,Sidang Tahunan Majelis Permusyawaratan Rakyat Republik Indonesia dan Sidang Bersama Dewan Perwakilan,Governance & admin,Presidential address,scripted,1.257,0.0,0.419,0.838,0.0
141,Bahasa Indonesia,358,181,161,15,1,342,52.924,54.749,2,2,0,0,0,2025-08-29,Presidential address,"Defence, security, law, and public order","Peristiwa Demonstrasi dan Wafatnya Pengemudi Ojol di Hambalang, Kabupaten Bogor, Provinsi Jawa Barat",Defence & security,Presidential address,scripted,5.587,5.587,0.0,0.0,0.0
142,English,254,115,117,22,2,232,49.569,53.516,0,0,0,0,0,2025-09-08,Ceremonial / policy address,International diplomacy and strategic partnership,"BRICS Leaders Virtual Meeting (melalui Video Conference) di Kertanegara, Kota Administrasi Jakarta",Intl diplomacy,Ceremonial / policy address,scripted,0.0,0.0,0.0,0.0,0.0
143,Bahasa Indonesia,792,371,383,16,49,754,49.204,47.253,16,5,7,2,2,2025-09-12,Press statement / media Q&A,Education and human-capital development,"Setelah Peninjauan SRMA 10 Margaguna, Jakarta Selatan di SRMA 10 Margaguna, Kota Administrasi Jakarta",Human capital & services,Press statement / media Q&A,spontaneous,20.202,6.313,8.838,2.525,2.525
144,Bahasa Indonesia,132,55,66,9,2,121,45.455,48.485,5,3,2,0,0,2025-09-25,Press statement / media Q&A,International diplomacy and strategic partnership,"Setelah Menghadiri Sidang Majelis Umum ke-80 Perserikatan Bangsa-Bangsa di New York, Amerika Serikat",Intl diplomacy,Press statement / media Q&A,spontaneous,37.879,22.727,15.152,0.0,0.0
145,Bahasa Indonesia,104,54,41,4,8,95,56.842,54.206,2,1,1,0,0,2025-09-25,Press statement / media Q&A,Health and public service,Setelah Penganugerahan Gelar Tanda Kehormatan Bintang Jasa Utama Kepada Bill Gates,Human capital & services,Press statement / media Q&A,spontaneous,19.231,9.615,9.615,0.0,0.0
146,Bahasa Indonesia,352,146,179,21,9,325,44.923,47.042,11,6,2,3,0,2025-09-30,Press statement / media Q&A,International diplomacy and strategic partnership,Saat Tiba di Tanah Air Usai Lawatan Luar Negeri,Intl diplomacy,Press statement / media Q&A,spontaneous,31.25,17.045,5.682,8.523,0.0
147,Bahasa Indonesia,2425,1150,1111,142,50,2261,50.862,52.67,32,17,14,1,0,2025-10-01,Presidential address,International diplomacy and strategic partnership,Akad Massal 26 Ribu Kredit Pemilikan Rumah Fasilitas Likuiditas Pembiayaan Perumahan dan Serah Terima,Intl diplomacy,Presidential address,scripted,13.196,7.01,5.773,0.412,0.0
148,Bahasa Indonesia,957,487,313,156,11,800,60.875,66.494,1,0,1,0,0,2025-10-08,Ceremonial / policy address,"Defence, security, law, and public order",Amanat Presiden Republik Indonesia pada Upacara Peringatan Hari Ulang Tahun ke-80 Tentara Nasional,Defence & security,Ceremonial / policy address,scripted,1.045,0.0,1.045,0.0,0.0
149,Bahasa Indonesia,205,99,97,8,1,196,50.51,52.195,2,2,0,0,0,2025-10-08,Ceremonial / policy address,"Defence, security, law, and public order",Penganugerahan Tanda Kehormatan Bintang Yudha Dharma Pratama dan Samkaryanugraha dalam Acara,Defence & security,Ceremonial / policy address,scripted,9.756,9.756,0.0,0.0,0.0
150,Bahasa Indonesia,256,131,101,9,20,232,56.466,53.64,4,2,2,0,0,2025-10-08,Ceremonial / policy address,"Infrastructure, energy, and natural resources","Setelah Menyaksikan Penyerahan Aset Rampasan Negara dari Tambang Ilegal Kepada PT Timah, Tbk di Smelter",Econ & material dev,Ceremonial / policy address,scripted,15.625,7.812,7.812,0.0,0.0
151,Bahasa Indonesia,253,113,116,21,3,229,49.345,52.964,8,4,4,0,0,2025-10-15,Ceremonial / policy address,"Defence, security, law, and public order",Saat Tiba di Tanah Air usai Hadiri KTT Perdamaian dan Penghentian Perang Gaza,Defence & security,Ceremonial / policy address,scripted,31.621,15.81,15.81,0.0,0.0
152,Bahasa Indonesia,51,26,20,3,4,46,56.522,54.717,1,1,0,0,0,2025-10-18,Press statement / media Q&A,Education and human-capital development,Setelah Menghadiri Sidang Senat Terbuka dan Dies Natalis Universitas Kebangsaan Republik Indonesia,Human capital & services,Press statement / media Q&A,spontaneous,19.608,19.608,0.0,0.0,0.0
153,Bahasa Indonesia,1143,545,490,72,61,1035,52.657,52.825,18,10,6,2,0,2025-10-20,Ceremonial / policy address,"Defence, security, law, and public order",Penyerahan Uang Pengganti Kerugian Negara Rp13.255244.538.149 dalam Perkara Tindak Pidana Korupsi,Defence & security,Ceremonial / policy address,scripted,15.748,8.749,5.249,1.75,0.0
154,Bahasa Indonesia,6557,3124,2983,269,365,6107,51.154,50.334,113,56,46,7,4,2025-10-20,Cabinet/executive briefing,Cabinet and executive governance,Sidang Kabinet Paripurna dalam rangka Memperingati Satu Tahun Pemerintahan Kabinet Merah Putih,Governance & admin,Cabinet/executive briefing,scripted,17.233,8.54,7.015,1.068,0.61
155,Bahasa Indonesia,814,355,372,70,36,727,48.831,51.02,10,6,3,0,1,2025-10-23,Press statement / media Q&A,International diplomacy and strategic partnership,Presiden Republik Federasi Brasil,Intl diplomacy,Press statement / media Q&A,spontaneous,12.285,7.371,3.686,0.0,1.229
156,Bahasa Indonesia,404,222,148,31,11,370,60.0,61.408,0,0,0,0,0,2025-10-29,Presidential address,"Religious, cultural, and social solidarity",Hari Sumpah Pemuda ke-97 Tahun 2025 dari Presiden Prabowo Subianto,Religious & cultural,Presidential address,scripted,0.0,0.0,0.0,0.0,0.0
157,Bahasa Indonesia,2402,1199,1031,141,42,2230,53.767,55.533,31,12,13,6,0,2025-10-29,Presidential address,"Defence, security, law, and public order","Pemusnahan Barang Bukti Narkoba 214,84 Ton Senilai Rp29,37 Triliun Periode Satu Tahun Pemerintahan oleh",Defence & security,Presidential address,scripted,12.906,4.996,5.412,2.498,0.0
158,Bahasa Indonesia,166,74,87,3,2,161,45.963,46.386,2,2,0,0,0,2025-10-29,Press statement / media Q&A,"Defence, security, law, and public order","Pemusnahan Barang Bukti Narkoba Sejumlah 214,84 Ton Senilai Rp29,37 Triliun Periode Satu Tahun",Defence & security,Press statement / media Q&A,spontaneous,12.048,12.048,0.0,0.0,0.0
159,Bahasa Indonesia,3317,1508,1460,288,95,2968,50.809,53.596,31,7,16,8,0,2026-01-05,Presidential address,"Religious, cultural, and social solidarity","Perayaan Natal Nasional Tahun 2025 di Tenis Indoor Senayan, Kota Administrasi Jakarta Pusat, Provinsi",Religious & cultural,Presidential address,scripted,9.346,2.11,4.824,2.412,0.0
160,Bahasa Indonesia,3388,1638,1447,279,55,3085,53.096,56.069,30,8,14,7,1,2026-01-07,Presidential address,"Food security, agriculture, and rural development","Panen Raya dan Pengumuman Swasembada Pangan di Desa Kertamukti, Kabupaten Karawang, Provinsi Jawa Barat",Econ & material dev,Presidential address,scripted,8.855,2.361,4.132,2.066,0.295
161,Bahasa Indonesia,1484,737,642,79,50,1379,53.445,54.111,24,4,9,11,0,2026-01-07,Cabinet/executive briefing,Cabinet and executive governance,"Taklimat Awal Tahun Presiden Republik Indonesia di Hambalang, Provinsi Jawa Barat",Governance & admin,Cabinet/executive briefing,scripted,16.173,2.695,6.065,7.412,0.0
162,Bahasa Indonesia,1314,651,484,166,19,1135,57.357,61.894,10,4,4,2,0,2026-01-08,Presidential address,International diplomacy and strategic partnership,Pemberian Penghargaan Atlet SEA Games Ke-33 Thailand,Intl diplomacy,Presidential address,scripted,7.61,3.044,3.044,1.522,0.0
163,Bahasa Indonesia,3470,1672,1411,351,71,3083,54.233,57.718,56,17,27,9,3,2026-01-12,Ceremonial / policy address,Education and human-capital development,Peresmian 166 Sekolah Rakyat di 34 Provinsi di Balai Besar Pendidkan Pelatihan Kesejahteran Sosial,Human capital & services,Ceremonial / policy address,scripted,16.138,4.899,7.781,2.594,0.865
164,Bahasa Indonesia,2509,1256,1011,200,78,2267,55.404,57.21,42,17,19,5,1,2026-01-12,Ceremonial / policy address,"Infrastructure, energy, and natural resources",Peresmian Infrastruktur Energi Terintegrasi Pertamina Refinery Development Master Plan,Econ & material dev,Ceremonial / policy address,scripted,16.74,6.776,7.573,1.993,0.399
165,Bahasa Indonesia,1000,475,378,135,33,853,55.686,59.745,6,4,2,0,0,2026-01-13,Ceremonial / policy address,Education and human-capital development,Peresmian SMA Taruna Nusantara Kampus Malang,Human capital & services,Ceremonial / policy address,scripted,6.0,4.0,2.0,0.0,0.0
166,Bahasa Indonesia,216,92,113,8,4,205,44.878,46.083,1,1,0,0,0,2026-01-20,Press statement / media Q&A,International diplomacy and strategic partnership,"Keterangan Pers di London, Inggris",Intl diplomacy,Press statement / media Q&A,spontaneous,4.63,4.63,0.0,0.0,0.0
167,English,6,4,2,0,0,6,66.667,66.667,0,0,0,0,0,2026-01-20,Diplomatic exchange / joint statement,International diplomacy and strategic partnership,Pertemuan Bilateral Presiden Republik Indonesia Prabowo Subianto dan Perdana Menteri Inggris Keir Starmer,Intl diplomacy,Diplomatic exchange / joint statement,scripted,0.0,0.0,0.0,0.0,0.0
168,English,111,47,56,8,0,103,45.631,49.55,0,0,0,0,0,2026-01-20,Diplomatic exchange / joint statement,International diplomacy and strategic partnership,Pertemuan Tete-a-tete Presiden Republik Indonesia Prabowo Subianto dan Perdana Menteri Inggris Keir,Intl diplomacy,Diplomatic exchange / joint statement,scripted,0.0,0.0,0.0,0.0,0.0
169,English,3496,1596,1755,145,64,3351,47.628,48.904,0,0,0,0,0,2026-01-22,Ceremonial / policy address,International diplomacy and strategic partnership,World Economic Forum (WEF) Annual Meeting 2026,Intl diplomacy,Ceremonial / policy address,scripted,0.0,0.0,0.0,0.0,0.0
